-- phpMyAdmin SQL Dump
-- version 4.7.4
-- https://www.phpmyadmin.net/
--
-- Host: 127.0.0.1
-- Generation Time: Feb 25, 2019 at 04:34 AM
-- Server version: 10.1.30-MariaDB
-- PHP Version: 7.1.13

SET SQL_MODE = "NO_AUTO_VALUE_ON_ZERO";
SET AUTOCOMMIT = 0;
START TRANSACTION;
SET time_zone = "+00:00";


/*!40101 SET @OLD_CHARACTER_SET_CLIENT=@@CHARACTER_SET_CLIENT */;
/*!40101 SET @OLD_CHARACTER_SET_RESULTS=@@CHARACTER_SET_RESULTS */;
/*!40101 SET @OLD_COLLATION_CONNECTION=@@COLLATION_CONNECTION */;
/*!40101 SET NAMES utf8mb4 */;

--
-- Database: `gimsdb`
--

-- --------------------------------------------------------

--
-- Table structure for table `applicants`
--

CREATE TABLE `applicants` (
  `id` int(11) NOT NULL,
  `division` int(11) NOT NULL,
  `district` int(11) DEFAULT NULL,
  `upazilla` int(11) DEFAULT NULL,
  `emergency_phone` varchar(50) CHARACTER SET utf8 NOT NULL,
  `applicant_name_en` varchar(255) CHARACTER SET utf8 NOT NULL,
  `applicant_name_bn` varchar(255) CHARACTER SET utf8 DEFAULT NULL,
  `applicant_father_name` varchar(250) CHARACTER SET utf8 NOT NULL,
  `applicant_mother_name` varchar(250) CHARACTER SET utf8 NOT NULL,
  `applicant_gender` tinyint(4) NOT NULL,
  `status` varchar(20) DEFAULT NULL,
  `applicant_dob` date DEFAULT NULL,
  `applicant_ff_relation` varchar(150) NOT NULL,
  `received_scholarship` tinyint(4) NOT NULL,
  `current_edu_inst` varchar(500) CHARACTER SET utf8 NOT NULL,
  `current_session` varchar(250) CHARACTER SET utf8 NOT NULL,
  `current_subject` varchar(250) CHARACTER SET utf8 NOT NULL,
  `current_semester` varchar(250) CHARACTER SET utf8 NOT NULL,
  `current_id` varchar(250) CHARACTER SET utf8 NOT NULL,
  `created_at` timestamp NOT NULL DEFAULT CURRENT_TIMESTAMP,
  `updated_at` timestamp NOT NULL DEFAULT CURRENT_TIMESTAMP ON UPDATE CURRENT_TIMESTAMP,
  `created_by` int(11) NOT NULL
) ENGINE=InnoDB DEFAULT CHARSET=latin1;

--
-- Dumping data for table `applicants`
--

INSERT INTO `applicants` (`id`, `division`, `district`, `upazilla`, `emergency_phone`, `applicant_name_en`, `applicant_name_bn`, `applicant_father_name`, `applicant_mother_name`, `applicant_gender`, `status`, `applicant_dob`, `applicant_ff_relation`, `received_scholarship`, `current_edu_inst`, `current_session`, `current_subject`, `current_semester`, `current_id`, `created_at`, `updated_at`, `created_by`) VALUES
(1, 0, 35, 2, '', 'Application 2017 January-June', 'Application 2017 January-June Bangla', '', '', 1, '0', '2017-09-20', '', 0, '', '', '', '', '', '2017-09-19 12:44:59', '2018-03-05 13:29:27', 0),
(2, 0, 35, 1, '', 'Application 2017July-December', 'Application 2017July-December Bangla', '', '', 2, '1', '2017-09-20', '', 0, '', '', '', '', '', '2017-09-19 12:48:24', '2018-03-05 13:29:30', 0),
(3, 0, 34, 2, '', 'Application 2016 January-June', 'Application 2016 January-June BN', '', '', 2, '1', '2017-09-19', '', 0, '', '', '', '', '', '2017-09-19 12:56:53', '2018-03-05 13:29:32', 0),
(5, 0, 34, 1, '', 'Application 2017 January-June--', 'Application 2017 January-June Bangla', '', '', 2, '1', '2017-09-20', '', 0, '', '', '', '', '', '2017-09-19 19:02:37', '2018-03-05 13:29:34', 0),
(6, 0, 42, 1, '', 'Application 2017 January-Juneasdf', 'Application 2017 January-June Bangla', '', '', 1, '1', NULL, '', 0, '', '', '', '', '', '2017-09-19 19:25:15', '2018-03-05 13:29:37', 0),
(8, 0, 2, 151, '', 'Application 2017 January-Jun', 'Application 2017 January-June Bangla', '', '', 2, '1', '2017-09-20', '', 0, '', '', '', '', '', '2017-09-19 19:26:51', '2018-03-05 13:29:39', 0),
(9, 0, 57, 286, '', 'Jessore Upazila 2017 January-June', NULL, '', '', 2, '1', '2017-09-23', '', 0, '', '', '', '', '', '2017-09-23 12:11:53', '2018-03-05 13:29:41', 0),
(10, 0, 57, 286, '', 'Jessore Upazila 2017 July-December', NULL, '', '', 1, '1', '2017-09-23', '', 0, '', '', '', '', '', '2017-09-23 13:10:21', '2018-03-05 13:29:44', 0),
(11, 0, 57, 286, '', 'Test App', NULL, '', '', 2, '1', '2017-09-25', '', 0, '', '', '', '', '', '2017-09-24 20:08:23', '2018-03-05 13:29:47', 0),
(12, 4, 63, 319, '01730448801', 'নতুন ভারত বাংলাদেশ', 'নতুন ভারত বাংলাদেশ', 'নতুন ভারত বাংলাদেশ', 'নতুন ভারত বাংলাদেশ', 2, NULL, '2018-01-28', '', 0, '', '', '', '', '', '2018-02-26 15:59:43', '2018-03-05 13:29:49', 0),
(14, 1, NULL, NULL, '01730448801', 'নতুন ভারত বাংলাদেশ', 'নতুন ভারত বাংলাদেশ', 'নতুন ভারত বাংলাদেশ', 'নতুন ভারত বাংলাদেশ', 1, NULL, '2018-01-28', '', 0, '', '', '', '', '', '2018-02-26 16:26:37', '2018-02-26 16:26:37', 0),
(15, 4, 56, 279, '01730448801', 'নতুন ভারত বাংলাদেশ', 'নতুন ভারত বাংলাদেশ', 'নতুন ভারত বাংলাদেশ', 'নতুন ভারত বাংলাদেশ', 2, NULL, '2018-01-29', '', 0, '', '', '', '', '', '2018-02-27 06:28:35', '2018-02-27 06:28:35', 0),
(16, 4, 56, 279, '01730448801', 'নতুন ভারত বাংলাদেশ', 'নতুন ভারত বাংলাদেশ', 'নতুন ভারত বাংলাদেশ', 'নতুন ভারত বাংলাদেশ', 2, NULL, '2018-01-29', '', 0, '', '', '', '', '', '2018-02-27 06:33:14', '2018-02-27 06:33:14', 0),
(17, 1, 34, 1, '01730448801', 'নতুন ভারত বাংলাদেশ', 'নতুন ভারত বাংলাদেশ', 'নতুন ভারত বাংলাদেশ', 'নতুন ভারত বাংলাদেশ', 2, NULL, '2018-01-30', '', 0, '', '', '', '', '', '2018-02-27 13:58:40', '2018-02-27 13:58:40', 0),
(18, 1, 34, 1, '01730448801', 'নতুন ভারত বাংলাদেশ', 'নতুন ভারত বাংলাদেশ', 'নতুন ভারত বাংলাদেশ', 'নতুন ভারত বাংলাদেশ', 2, NULL, '2018-01-30', '', 0, '', '', '', '', '', '2018-02-27 13:59:27', '2018-02-27 13:59:27', 0),
(19, 1, 34, 1, '01730448801', 'নতুন ভারত বাংলাদেশ', 'নতুন ভারত বাংলাদেশ', 'নতুন ভারত বাংলাদেশ', 'নতুন ভারত বাংলাদেশ', 2, NULL, '2018-01-30', '', 0, '', '', '', '', '', '2018-02-27 14:01:47', '2018-02-27 14:01:47', 0);

-- --------------------------------------------------------

--
-- Table structure for table `applicant_academics`
--

CREATE TABLE `applicant_academics` (
  `id` int(11) NOT NULL,
  `applicant_id` int(11) NOT NULL,
  `exam_name` int(11) NOT NULL,
  `exam_year` int(11) NOT NULL,
  `edu_inst` varchar(500) CHARACTER SET utf8 NOT NULL,
  `edu_board` int(11) NOT NULL,
  `edu_group` int(11) NOT NULL,
  `cgpa` double NOT NULL,
  `cgpa_wo_4th_subject` double NOT NULL,
  `created_at` timestamp NULL DEFAULT NULL,
  `updated_at` timestamp NULL DEFAULT NULL
) ENGINE=InnoDB DEFAULT CHARSET=latin1;

--
-- Dumping data for table `applicant_academics`
--

INSERT INTO `applicant_academics` (`id`, `applicant_id`, `exam_name`, `exam_year`, `edu_inst`, `edu_board`, `edu_group`, `cgpa`, `cgpa_wo_4th_subject`, `created_at`, `updated_at`) VALUES
(1, 19, 1, 2016, '?????? ???????????? ??? 1', 2, 1, 3.3, 3.2, '2018-02-27 14:01:47', '2018-02-27 14:01:47'),
(2, 19, 2, 2017, '?????? ???????????? ??? 2', 2, 1, 3.6, 3.2, '2018-02-27 14:01:47', '2018-02-27 14:01:47');

-- --------------------------------------------------------

--
-- Table structure for table `applicant_address`
--

CREATE TABLE `applicant_address` (
  `id` int(11) NOT NULL,
  `applicant_id` int(11) NOT NULL,
  `present_address` varchar(250) CHARACTER SET utf8 NOT NULL,
  `present_village` varchar(250) CHARACTER SET utf8 NOT NULL,
  `present_postoffice` varchar(250) CHARACTER SET utf8 NOT NULL,
  `present_district` varchar(250) CHARACTER SET utf8 NOT NULL,
  `present_upazilla` varchar(250) CHARACTER SET utf8 NOT NULL,
  `permanent_address` varchar(250) CHARACTER SET utf8 NOT NULL,
  `permanent_village` varchar(250) CHARACTER SET utf8 NOT NULL,
  `permanent_postoffice` varchar(250) CHARACTER SET utf8 NOT NULL,
  `permanent_district` varchar(250) CHARACTER SET utf8 NOT NULL,
  `permanent_upazilla` varchar(250) CHARACTER SET utf8 NOT NULL,
  `created_at` timestamp NULL DEFAULT NULL,
  `updated_at` timestamp NULL DEFAULT NULL
) ENGINE=InnoDB DEFAULT CHARSET=latin1;

--
-- Dumping data for table `applicant_address`
--

INSERT INTO `applicant_address` (`id`, `applicant_id`, `present_address`, `present_village`, `present_postoffice`, `present_district`, `present_upazilla`, `permanent_address`, `permanent_village`, `permanent_postoffice`, `permanent_district`, `permanent_upazilla`, `created_at`, `updated_at`) VALUES
(1, 19, 'বাংলাদেশ', 'গ্রাম / মহল্লা / ওয়ার্ড', 'ডাকঘর', '2', '151', 'ঠিকানা', 'গ্রাম / মহল্লা / ওয়ার্ড', 'ডাকঘর', '4', '166', '2018-02-27 14:01:47', '2018-02-27 14:01:47');

-- --------------------------------------------------------

--
-- Table structure for table `applicant_update_history`
--

CREATE TABLE `applicant_update_history` (
  `updateHistoryID` int(11) NOT NULL,
  `applicantID` int(11) NOT NULL,
  `fieldUpdated` varchar(256) NOT NULL COMMENT 'Name of the field which is updated',
  `previousValue` text NOT NULL,
  `newValue` text NOT NULL,
  `updatedBy` varchar(256) NOT NULL,
  `interface` enum('web','app') NOT NULL DEFAULT 'web',
  `updatedTime` datetime NOT NULL
) ENGINE=InnoDB DEFAULT CHARSET=latin1;

-- --------------------------------------------------------

--
-- Table structure for table `cases`
--

CREATE TABLE `cases` (
  `id` int(11) NOT NULL,
  `file_no` varchar(100) CHARACTER SET utf8 NOT NULL,
  `hard_file_no` varchar(100) CHARACTER SET utf8 DEFAULT NULL,
  `case_no` varchar(100) CHARACTER SET utf8 NOT NULL,
  `case_type` int(4) NOT NULL,
  `case_receive_date` date NOT NULL,
  `parties_name` varchar(250) CHARACTER SET utf8 NOT NULL,
  `subject_type` varchar(50) NOT NULL,
  `case_subject` text CHARACTER SET utf8 NOT NULL,
  `case_status` tinyint(4) NOT NULL COMMENT 'Case Status',
  `has_interim_order` tinyint(4) NOT NULL,
  `has_rule_nisi` tinyint(4) NOT NULL,
  `created_at` timestamp NULL DEFAULT NULL,
  `updated_at` timestamp NULL DEFAULT NULL,
  `created_by` int(11) NOT NULL
) ENGINE=InnoDB DEFAULT CHARSET=latin1;

--
-- Dumping data for table `cases`
--

INSERT INTO `cases` (`id`, `file_no`, `hard_file_no`, `case_no`, `case_type`, `case_receive_date`, `parties_name`, `subject_type`, `case_subject`, `case_status`, `has_interim_order`, `has_rule_nisi`, `created_at`, `updated_at`, `created_by`) VALUES
(43, '48.00.0000.004.686.17', NULL, '1511/2017', 1, '2017-12-17', 'Md. Abdus Salam  and another', '1', 'যশোর জেলার শার্শা ও বাঘারপাড়া উপজেলার গঠিত যাচাই-বাছাই কমিটি কেন বেআইনী ঘোষনা করা হবে না সংক্রান্ত', 2, 0, 1, '2018-07-05 05:32:09', '2018-10-21 03:56:19', 8),
(53, '48.00.0000.004.787.2017', NULL, '1258/2017', 1, '2017-03-07', 'Md. Abdul Malek', '2', 'আবেদনকারীর সম্মানী ভাতা স্থগিত এর বিরুদ্ধে এবং আবেদনকারীর নামে গেজেট প্রকাশ এবং গৃহীত ভাতা চালু রাখা সংক্রান্ত', 2, 0, 1, '2018-07-22 03:01:20', '2018-07-22 03:01:20', 8),
(54, '48.00.0000.004.676.2017', NULL, '1311/2017', 1, '2017-02-14', 'Md. Khaliliur Rahman', '1', 'সাতক্ষীরা জেলার দেবহাটা উপজেলার যাচাই-বাছাই কমিটির প্রজ্ঞাপন কে কেন বেআইনী ঘোষণা করা হবে না সংক্রান্ত ।', 4, 0, 1, '2018-07-22 03:52:25', '2018-07-22 03:52:25', 8),
(55, '48.00.0000.004.679.2017', NULL, '1507/2017', 1, '2017-02-14', 'Md. Juhir Uddin Josi', '1', 'রাজশাহী মহানগর যাচাই-বাছাই কমিটির ৬ (ছয়) মাসের স্থগিত সংক্রান্ত।', 4, 0, 1, '2018-07-22 09:58:18', '2018-07-22 09:58:18', 8),
(56, '48.00.0000.004.740.2017', NULL, '1757/2017', 1, '2017-03-02', 'Mohammad Idris', '1', 'চট্টগ্রাম জেলার আনোয়ারা উপজেলা যাচাই-বাছাই কমিটির কার্যক্রম সংক্রান্ত', 4, 0, 1, '2018-07-22 10:04:17', '2018-09-16 03:19:14', 8),
(57, '48.00.0000.004.748.2017', NULL, '1985/2017', 1, '2017-03-06', 'Billal Uddin Biswas', '1', 'চুয়াডাংগা জেলার দামুরহুদা উপজেলার মুক্তিযোদ্ধা যাচাই-বাছাই সংক্রান্ত', 4, 0, 1, '2018-08-01 04:11:24', '2018-08-01 10:31:14', 8),
(58, '48.00.0000.004.729.2017', NULL, '1698/2017', 1, '2017-02-20', 'M. A. Halim', '1', 'পটুয়াখালি জেলার যাচাই-বাছাই সংক্রান্ত', 3, 0, 1, '2018-08-01 06:52:12', '2018-08-01 06:52:12', 8),
(59, '48.00.0000.004.726.2017', NULL, '2239/2017', 1, '2017-02-28', 'Abdul Mannan Howlader', '1', 'বরগুনা জেলার পাথরঘাটা উপজেলার যাচাই-বাছাই সংক্রান্ত', 4, 0, 1, '2018-08-01 07:04:22', '2018-08-20 02:38:37', 8),
(60, '48.00.0000.007.965.2017', NULL, '9031/2017', 1, '2017-07-09', 'Abdul Samad', '2', 'ভাতা সংক্রান্ত', 4, 0, 1, '2018-08-01 08:11:02', '2018-08-01 08:11:02', 8),
(61, '48.00.0000.007.962.2017', NULL, '7314/2017', 1, '2017-07-03', 'Most. Johra Begum', '2', 'মুক্তিযোদ্ধার সম্মানী ভাতা সংক্রান্ত', 2, 0, 1, '2018-08-01 09:54:42', '2018-08-01 09:54:42', 8),
(62, '48.00.0000.007.853.2017', NULL, '1389/2017', 1, '2017-05-07', 'Provash Chandra Das, Advocate', '4', 'গেজেটে নাম সংশোধন সংক্রান্ত', 1, 0, 0, '2018-08-01 10:27:36', '2018-08-01 10:27:36', 8),
(63, '48.00.0000.004.677.2017', NULL, '1363/2017', 1, '2017-02-09', 'Md. Abdul Khalek', '1', 'রাজশাহী জেলার বাঘা উপজেলার যাচাই-বাছাই সংক্রান্ত', 4, 0, 1, '2018-08-02 04:49:05', '2018-08-02 04:49:05', 8),
(64, '48.00.0000.004.698.2017', NULL, '1504/2017', 1, '2017-02-13', 'Badiuzzaman Badi', '1', 'ঢাকা জেলার নবাবগঞ্জ উপজেলার যাচাই-বাছাই সংক্রান্ত', 4, 0, 1, '2018-08-05 03:41:59', '2018-08-05 03:41:59', 8),
(65, '48.00.0000.004.721.2017', NULL, '1588/2017', 1, '2017-02-23', 'Sahar Ali Praanik', '1', 'রাজশাহী জেলার বাগমারা উপজেলার যাচাই-বাছাই সংক্রান্ত', 4, 0, 1, '2018-08-05 03:46:30', '2018-08-05 03:46:30', 8),
(66, '48.00.0000.004.786.2017', NULL, '2272/2017', 1, '2017-03-07', 'Abu Bakkar Sheik (Sukur)', '1', 'সাতক্ষীরা জেলার তালা উপজেলার যাচাই-বাছাই সংক্রান্ত', 4, 0, 1, '2018-08-05 03:52:55', '2018-08-05 03:52:55', 8),
(67, '48.00.0000.007.998.2017', NULL, '5970/2017', 1, '2017-08-28', 'Md. Naim Molla', '6', 'মুক্তিযোদ্ধা কমপ্লেক্স এর স্থান পরিবর্তন সংক্রান্ত', 1, 0, 1, '2018-08-12 06:24:21', '2018-08-12 06:24:21', 8),
(68, '48.00.0000.007.932.2017', NULL, '7828/2017', 1, '2017-06-21', 'Amir Hossain Molla', '2', 'মুক্তিযোদ্ধার সম্মানী ভাতা সংক্রান্ত', 2, 0, 1, '2018-08-12 06:32:53', '2018-08-12 06:32:53', 8),
(69, '48.00.0000.007.919.2017', NULL, '224/2017', 1, '2017-04-17', 'Md. Abdur Rouf', '3', 'পুনঃবাসন প্রকল্পে প্লট বরাদ্দ সংক্রান্ত', 2, 0, 1, '2018-08-12 08:24:17', '2018-08-20 07:41:38', 8),
(70, '48.00.0000.004.658.2017', NULL, '1051/2017', 1, '2017-02-07', 'Syed Golam Mortuza', '1', 'পটুয়াখালি জেলার দুমকি উপজেলার উপজেলা ও জেলা/মহানগর যাচাই-বাছাই সংক্রান্ত', 4, 0, 1, '2018-08-12 08:30:08', '2018-08-12 08:30:08', 8),
(71, '48.00.0000.007.799.2017', NULL, '2061/2017', 1, '2017-10-15', 'Murshed Ali', '1', 'যাচাই-বাছাই সংক্রান্ত', 4, 0, 1, '2018-08-12 08:48:30', '2018-08-12 08:48:30', 8),
(72, '48.00.0000.007.900.2017', NULL, '8769/2017', 1, '2017-07-03', 'Zashim Uddin Md. Towfique Elahi', '1', 'মুক্তিযোদ্ধার যাচাই বাছাই সংক্রান্ত', 4, 0, 1, '2018-08-28 08:58:03', '2018-08-28 08:58:03', 8),
(73, '48.00.0000.007.902.2017', NULL, '7478/2017', 1, '2017-06-14', 'Professor Mohammad Moinuddin', '1', 'মুক্তিযুদ্ধ যাচাই-বাছাই সংক্রান্ত', 4, 0, 1, '2018-08-28 09:32:52', '2018-08-28 09:32:52', 8),
(74, '48.00.0000.007.904.2017', NULL, '8762/2017', 1, '2017-07-04', 'Alauddin Al Azad', '1', 'মুক্তিযোদ্ধার যাচাই-বাছাই সংক্রান্ত', 4, 0, 1, '2018-08-28 09:44:20', '2018-08-28 09:44:20', 8),
(75, '48.00.0000.007.905.2017', NULL, '6511/2017', 1, '2017-06-14', 'Md. Ramjan Ali', '2', 'বাদীর সম্মানী ভাতা চালু সঙ্ক্রান্ত', 2, 0, 1, '2018-08-28 10:13:43', '2018-08-28 10:13:43', 8),
(76, '48.00.0000.007.906.2017', NULL, '6099/2017', 1, '2017-06-14', 'Abu Hassan', '1', 'মুক্তিযোদ্ধার যাচাই-বাছাই, ফরম ও সংজ্ঞা সংক্রান্ত', 4, 0, 1, '2018-08-29 05:03:29', '2018-08-29 05:03:29', 8),
(77, '48.00.0000.007.908.2017', NULL, '4738/2017', 1, '2017-05-25', 'Abdul Baten Bhuiyan', '1', 'মুক্তিযোদ্ধা যাচাই-বাছাই সংক্রান্ত', 4, 0, 1, '2018-08-29 05:10:14', '2018-08-29 05:10:14', 8),
(78, '48.00.0000.007.907.2017', NULL, '6927/2017', 1, '2017-07-03', 'Mst. Parul Begum', '2', 'মুক্তিযোদ্ধা সম্মানী ভাতা সংক্রান্ত', 1, 0, 0, '2018-08-29 05:57:12', '2018-08-29 05:57:41', 8),
(79, '48.00.0000.007.909.2017', NULL, '5460/2017', 1, '2017-05-04', 'Md. Tariquzzaman', '2', 'মুক্তিযোদ্ধা সম্মানী ভাতা সংক্রান্ত', 1, 0, 0, '2018-08-29 06:00:07', '2018-08-29 06:00:07', 8),
(80, '48.00.0000.004.770.2017', NULL, '2132/2017', 1, '2017-03-13', 'Md. Jainal Abedin', '1', 'মেহেরপুর জেলার মেহেরপুর সদর উপজেলার যাচাই-বাছাই সংক্রান্ত', 4, 1, 1, '2018-09-06 09:16:21', '2018-09-06 09:16:21', 8),
(81, '48.00.0000.004.714.2017', NULL, '2200/2017', 1, '2017-02-28', 'Lt. Colonel (Ret.) S.I.M Noor-Un-Nabi Khan Bir Bakram', '1', 'লক্ষীপুর জেলার রামগঞ্জ উপজেলার যাচাই-বাছাই সংক্রান্ত', 4, 0, 1, '2018-09-06 09:32:27', '2018-09-06 09:32:27', 8),
(82, '48.00.0000.007.916.2017', NULL, '5030/2017', 1, '2017-05-11', 'Advocate Md. Abu Ayub Biswas', '1', 'মাগুরা জেলার মোহাম্মদপুর উপজেলার যাচাই-বাছাই সংক্রান্ত', 4, 0, 1, '2018-09-06 09:46:08', '2018-09-06 09:46:08', 8),
(83, '48.00.0000.007.1006.2017', NULL, '9652/2017', 1, '2017-07-27', 'Khandkar Shahidul Islam alias Md. Shahidullah', '4', 'মুক্তিযোদ্ধার গেজেট সংক্রান্ত', 2, 0, 1, '2018-09-06 10:12:33', '2018-09-06 10:12:33', 8),
(84, '48.00.0000.007.1022.2017', NULL, '12756/2017', 1, '2017-09-19', 'Md. Shahjahan', '1', 'মুক্তিযোদ্ধার যাচাই-বাছাই সংক্রান্ত কমিটি', 4, 1, 1, '2018-09-10 07:19:41', '2018-09-10 07:19:41', 8),
(85, '48.00.0000.007.108.2017', NULL, '10156/2017', 1, '2017-08-29', 'Md. Altaf Hossain', '1', 'মুক্তিযোদ্ধার যাচাই-বাছাই সংক্রান্ত', 2, 0, 1, '2018-09-10 08:57:51', '2018-09-10 08:57:51', 8),
(86, '48.00.0000.007.1017.2017', NULL, '12678/2017', 1, '2018-03-11', 'Md. Hafizur Rahman', '2', 'মুক্তিযোদ্ধার সম্মানী ভাতা সংক্রান্ত', 4, 0, 0, '2018-09-10 09:04:55', '2018-09-10 09:04:55', 8),
(87, '48.00.0000.007.1016.2017', NULL, '10131/2017', 1, '2017-08-23', 'Md. Barek Khan', '1', 'মুক্তিযোদ্ধার যাচাই-বাছাই অংশ গহণ সংক্রান্ত', 1, 1, 0, '2018-09-10 09:19:09', '2018-09-10 09:19:09', 8),
(88, '48.00.0000.007.1014.2017', NULL, '6400/2017', 1, '2017-08-31', 'Md. Nurul Islam Howlader', '4', 'মুক্তিযোদ্ধার গেজেট সংক্রান্ত', 2, 1, 0, '2018-09-10 09:34:52', '2018-09-10 09:34:52', 8),
(89, '48.00.0000.007.1005.2017', NULL, '4593/2017', 1, '2017-07-03', 'Md. Emdadul Haque', '2', 'মুক্তিযোদ্ধার সম্মানী ভাতা সংক্রান্ত', 4, 0, 1, '2018-09-10 09:48:30', '2018-09-10 09:48:30', 8),
(90, '48.00.0000.004.735.2017', NULL, '2616/2017', 1, '2017-03-15', 'Molla Nobuyat Ali', '1', 'মুক্তিযোদ্ধা যাচাই-বাছাই সংক্রান্ত', 1, 0, 1, '2018-10-22 04:03:25', '2018-10-22 04:03:25', 8),
(91, '48.00.0000.001.004.306.15', NULL, '4203/2015', 1, '2015-05-17', 'জনাব এ টি এম শাহজাহান, পিতা- মৃত মোহাম্মদ হোসেন, গ্রাম- কাদির হানিফ, উপজেলা- নোয়াখালী সদর,জেলা- নোয়াখালী', '4', '২৪/০৭/২০১৪ তারিখের ৪৮.০০.০০০০.০০৪.৭৫.১০৫.২০১২.১২৬০ স্মারক মূলে গেজেট নম্বর-২৭৯  বাতিল করা সংক্রান্ব', 2, 0, 1, '2019-01-01 03:50:28', '2019-01-01 03:54:10', 11),
(92, '৪৮.০০.০০০০.০০৭.৩১২.২০১৫', NULL, '৩৬৩১/২০১৫,', 1, '2015-06-07', 'মোঃ হুমায়ুন কবীর , পিতা-মোঃ আইয়ূব আলী, বাড়ী নং টি/৩৪ গ রেল্য়ওয়ে কলোনী , পাট গুদাম,ময়মনসিংহ ।', '6', 'মুক্তিযোদ্ধার ৩০% কোটায় নিয়োগ সংক্রান্ত।', 5, 0, 1, '2019-01-01 04:30:36', '2019-01-01 05:21:25', 12),
(93, '', '48.00.0000.004.305.2015', '1836/15', 1, '2015-04-24', 'জনাব নাইমুল হোসেন, পিতা- মৃত ইমদাদ হোসেন, গ্রাম- বরাইল, উপজেলা- নবীনগর, জেলা- ব্রাহ্মণবাড়িয়া', '4', 'মুক্তিযোদ্ধা হিসেবে আবেদনকারীকে গেজেটভু্ক্ত না করায় এবং মু্ক্তিযোদ্ধা  হিসেবে গন্য না করে ঢাকা বিশ্ববিদ্যালয় এর চাকুরি থেকে অবসর প্রদান করা সংক্রান্ব', 2, 1, 1, '2019-01-01 04:35:54', '2019-01-02 02:30:02', 8),
(94, '৪৮.০০.০০০০.০০৭.৩১৩.২০১৫', NULL, '৩৪৫৮/২০১৫', 1, '2015-06-04', 'মোঃ নুরূল আমিন সভাপতি বঙ্গবন্ধু স্মৃতি সংসদ , সাতক্ষীরা ।', '6', 'সরকারী প্রাথমিক বিদ্যালয়ে পিয়ন ও নৈশপ্রহরী পদে নিয়োগে মুক্তিযোদ্ধার কোটা সংরক্ষন করা সংক্রান্ত।', 5, 0, 0, '2019-01-01 04:48:09', '2019-01-01 04:48:09', 12),
(95, '48.00.0000.001.004.317.2015', NULL, '5955/2015', 1, '2015-06-28', 'জনাব জসিম উদ্দিন মো: তৌফিক এলাহী, পিতা- আফসার উদ্দিন তালুকদার, গ্রাম- আমতলী, উপজেলা- আমতলী, জেলা- বরগুনা', '6', 'আইন বিচার ও সংসদ বিষয়ক মন্ত্রলালয়ের ১৯/০৪/২০১৫ তারিখের আর-৬/১এম-০১/২০১৫-১১০ স্মারক সংক্রান্ত', 1, 1, 1, '2019-01-01 04:59:58', '2019-01-01 04:59:58', 11),
(96, '48.00.0000.001.004.319..2015', NULL, '4203/2015', 1, '2015-05-05', 'জনাব এ,টি, এম  শাহজাহান, পিতা-  মৃত মোহাম্মদ হোসেন, মাতা- রুচিয়া বেগম, গ্রাম- দাদির হানিফ, উপজেলা- সদর, জেলা- নোয়াখালী', '4', '২০/০৭/২০১৪ তারিখের ৪৮.০০.০০০০.০০৪.৭৫.১০৫.২০১২.১২৬০ স্মারকে বাদীর গেজেট নম্বর-২৭৯ বাতিল করায় বাদী মামলাটি দায়ের করেন।', 2, 0, 1, '2019-01-01 05:21:48', '2019-01-01 05:21:48', 11),
(97, '48.০০.০০০০.০০7.315.2015', NULL, 'legal notice', 2, '2015-06-10', 'মুক্তিযোদ্ধা বহুমুখী সমবায় সমিতি মিরপুর রূপনগড়,ঢাকা ।', '6', 'সমিতির নামে প্লট বরাদ্ধ সংক্রান্ত ।', 1, 0, 0, '2019-01-01 05:34:52', '2019-01-01 05:34:52', 12),
(98, '48.০০.০০০০.০০7.325.2015', NULL, '7621/2015', 1, '2015-08-11', 'মোঃ বাহাউদ্দিন, পিতা-মৃত জারু মিয়া, উপজেলা - দেবীদ্বার ,জেলা- কুমিল্লা।', '6', 'মুক্তিযোদ্ধার চাকুরির বয়স ০১ বৎসর  বৃদ্ধি সংক্রান্ত।', 1, 0, 1, '2019-01-01 05:53:25', '2019-01-01 05:53:25', 12),
(99, '48.00.0000.001.004.322..2015', NULL, '7164/2015', 1, '2015-07-21', 'ঝরনা রানী দাস, স্বামী- মৃত দিলীপ চন্দ্র দাস, সাং- বাকিলা, উপজেলা- হাজীগঞ্জ, জেলা- চাঁদপুর', '2', 'স্বামীর বৈধ উত্তরাধিকারী হিসেবে রাষ্ট্রীয় সম্মানী ভাতা সহ সকল সুযোগ সুবিধা প্রদানের নির্দেশনা চেয়ে বাদী মামলাটি দায়ের করেছেন।', 4, 0, 1, '2019-01-01 06:00:15', '2019-01-01 06:00:15', 11),
(100, '48.০০.০০০০.০০7.326.2015', NULL, '6982/2015', 1, '2015-08-04', 'মোঃ ইসরাইল হোসেন , পিতা- মৃত হামিজ উদ্দিন , উপজেলা - উজিরপুর ,জেলা- বরিশাল।', '6', 'মুক্তিযোদ্ধা হিসেবে চাকুরির বয়স ৫৯-৬০ বৃদ্ধি সংক্রান্ত।', 1, 0, 1, '2019-01-01 06:08:16', '2019-01-01 06:08:16', 12),
(101, '48.00.0000.007.01.302.18', '48.00.0000.004.1536.2018', '11162/2018', 1, '2018-03-10', 'জনাব আফজাল হোসেন মিয়া, পিতা- নূর হোসেন মিয়া, রাজৈর কলেজ রোড, ডাকঘর- রাজৈর, উপজেলা- রাজৈর, জেলা- মাদারীপুরসহ ০২ জন', '1', 'মু্ক্তিযোদ্ধা তালিকা যাচাই বাছাইপূর্বক ব্যবস্থা গ্রহণের ক্ষেত্রে ৩নং রেসপনডেন্ট কর্তৃক ইস্যুকৃত ২০/০৭/২০১৭ তারিখের ৪৮.০০.০০০০.০০৬.৩৪.০০১.১৭.৩২৭ নং স্মারক অনুযায়ী কার্যক্রম গ্রহণের নির্দেশনা চেয়ে এবং বাদীর সম্মানী ভাতা বন্ধ করায় এর বিরুদ্ধে বাদী মামলাটি দায়ের করেছেন।', 3, 1, 1, '2019-01-08 03:48:18', '2019-01-08 03:48:18', 11);

-- --------------------------------------------------------

--
-- Table structure for table `case_status`
--

CREATE TABLE `case_status` (
  `id` int(11) NOT NULL,
  `case_status` varchar(100) NOT NULL
) ENGINE=InnoDB DEFAULT CHARSET=latin1;

--
-- Dumping data for table `case_status`
--

INSERT INTO `case_status` (`id`, `case_status`) VALUES
(1, 'Pending at MOLWA'),
(2, 'Awating for SF'),
(3, 'SF Received'),
(4, 'SF Sent'),
(5, 'Closed'),
(6, 'Necessary Action Required');

-- --------------------------------------------------------

--
-- Table structure for table `case_type`
--

CREATE TABLE `case_type` (
  `id` int(11) NOT NULL,
  `case_type` varchar(100) NOT NULL,
  `short_name` varchar(50) NOT NULL
) ENGINE=InnoDB DEFAULT CHARSET=latin1;

--
-- Dumping data for table `case_type`
--

INSERT INTO `case_type` (`id`, `case_type`, `short_name`) VALUES
(1, 'Writ Pitition', 'WP'),
(2, 'Civil Suit', 'CS');

-- --------------------------------------------------------

--
-- Table structure for table `case_update_history`
--

CREATE TABLE `case_update_history` (
  `updateHistoryID` int(11) NOT NULL,
  `caseID` tinyint(3) NOT NULL,
  `fieldUpdated` varchar(256) CHARACTER SET utf8 NOT NULL COMMENT 'Name of the field which is updated',
  `previousValue` text CHARACTER SET utf8 NOT NULL,
  `newValue` text CHARACTER SET utf8 NOT NULL,
  `updatedBy` int(11) NOT NULL,
  `interface` enum('web','app') NOT NULL DEFAULT 'web',
  `updatedTime` datetime NOT NULL
) ENGINE=InnoDB DEFAULT CHARSET=latin1;

--
-- Dumping data for table `case_update_history`
--

INSERT INTO `case_update_history` (`updateHistoryID`, `caseID`, `fieldUpdated`, `previousValue`, `newValue`, `updatedBy`, `interface`, `updatedTime`) VALUES
(1, 42, 'case_receive_date', '2017-03-07 00:00:00', '2017-03-07', 8, 'web', '2018-07-05 11:03:00'),
(2, 42, 'case_receive_date', '2017-03-07 00:00:00', '2017-03-07', 8, 'web', '2018-07-05 11:04:00'),
(3, 42, 'case_receive_date', '2017-03-07 00:00:00', '2017-03-07', 8, 'web', '2018-07-05 11:05:00'),
(4, 43, 'case_receive_date', '2017-12-17 00:00:00', '2017-12-17', 8, 'web', '2018-07-20 08:10:00'),
(5, 43, 'case_receive_date', '2017-12-17 00:00:00', '2017-12-17', 8, 'web', '2018-07-20 08:14:00'),
(6, 43, 'case_receive_date', '2017-12-17 00:00:00', '2017-12-17', 8, 'web', '2018-07-20 09:21:00'),
(7, 43, 'case_receive_date', '2017-12-17 00:00:00', '2017-12-17', 8, 'web', '2018-07-20 10:39:00'),
(11, 43, 'case_receive_date', '2017-12-17 00:00:00', '2017-12-17', 8, 'web', '2018-07-20 10:49:00'),
(12, 43, 'has_rule_nisi', '1', '0', 8, 'web', '2018-07-20 10:49:00'),
(13, 43, 'case_receive_date', '2017-12-17 00:00:00', '2017-12-17', 8, 'web', '2018-07-20 10:49:00'),
(14, 43, 'case_receive_date', '2017-12-17 00:00:00', '2017-12-17', 8, 'web', '2018-07-20 10:51:00'),
(15, 43, 'has_rule_nisi', '0', '1', 8, 'web', '2018-07-20 10:51:00'),
(16, 43, 'case_receive_date', '2017-12-17 00:00:00', '2017-12-17', 8, 'web', '2018-07-20 16:21:00'),
(17, 43, 'case_receive_date', '2017-12-17 00:00:00', '2017-12-17', 8, 'web', '2018-07-22 15:46:00'),
(22, 56, 'case_receive_date', '2017-03-02 00:00:00', '2017-03-02', 8, 'web', '2018-07-22 16:19:00'),
(23, 56, 'case_receive_date', '2017-03-02 00:00:00', '2017-03-02', 8, 'web', '2018-07-22 16:21:00'),
(24, 56, 'case_receive_date', '2017-03-02 00:00:00', '2017-03-02', 8, 'web', '2018-07-22 16:21:00'),
(25, 56, 'case_receive_date', '2017-03-02 00:00:00', '2017-03-02', 8, 'web', '2018-07-22 16:22:00'),
(26, 56, 'case_receive_date', '2017-03-02 00:00:00', '2017-03-02', 8, 'web', '2018-07-22 16:23:00'),
(27, 56, 'case_receive_date', '2017-03-02 00:00:00', '2017-03-02', 8, 'web', '2018-07-22 16:26:00'),
(28, 56, 'case_receive_date', '2017-03-02 00:00:00', '2017-03-02', 8, 'web', '2018-07-22 16:27:00'),
(29, 56, 'case_receive_date', '2017-03-02 00:00:00', '2017-03-02', 8, 'web', '2018-07-22 16:27:00'),
(30, 59, 'case_receive_date', '2017-02-28 00:00:00', '2017-02-28', 8, 'web', '2018-08-01 13:25:00'),
(31, 57, 'case_receive_date', '2017-03-06 00:00:00', '2017-03-06', 8, 'web', '2018-08-01 16:31:00'),
(32, 59, 'file_no', '৪৮.০০.০০০০.০০৪.৭২৬.২০১৭', '48.00.0000.004.726.2017', 8, 'web', '2018-08-20 08:38:00'),
(33, 69, 'case_status', '1', '2', 8, 'web', '2018-08-20 13:41:00'),
(34, 78, 'case_subject', 'মুক্তিযোদ্ধা সম্মানী ভাতা সঙ্ক্রান্ত', 'মুক্তিযোদ্ধা সম্মানী ভাতা সংক্রান্ত', 8, 'web', '2018-08-29 11:57:00'),
(35, 78, 'rule_nisi_order_date', '0000-00-00', '1970-01-01', 8, 'web', '2018-08-29 11:57:00'),
(36, 78, 'sf_issue_memo', '', '0', 8, 'web', '2018-08-29 11:57:00'),
(37, 78, 'sf_sending_memo', '', '0', 8, 'web', '2018-08-29 11:57:00'),
(38, 80, 'implementing_authority', '', '3', 8, 'web', '2018-09-06 15:22:00'),
(39, 80, 'ministry', '', '0', 8, 'web', '2018-09-06 15:22:00'),
(40, 80, 'dc_office', '', '0', 8, 'web', '2018-09-06 15:22:00'),
(41, 80, 'uno_office', '', '0', 8, 'web', '2018-09-06 15:22:00'),
(42, 80, 'responsibility', '', 'মেহেরপুর জেলার মেহেরপুর সদর উপজেলার যাচাই-বাছাই কমিটির কার্যক্রম স্থগিত', 8, 'web', '2018-09-06 15:22:00'),
(43, 80, 'interim_order_id', '', '67', 8, 'web', '2018-09-06 15:22:00'),
(44, 43, 'case_type', '1', '2', 8, 'web', '2018-09-09 12:33:00'),
(45, 43, 'case_type', '2', '1', 8, 'web', '2018-09-09 12:35:00'),
(46, 43, 'case_type', '1', '2', 8, 'web', '2018-09-09 13:03:00'),
(47, 43, 'case_type', '2', '1', 8, 'web', '2018-09-09 13:06:00'),
(49, 56, 'file_no', '৪৮.০০.০০০০.০০৪.৭৪০.২০১৭', '48.00.0000.004.740.2017', 8, 'web', '2018-09-16 09:19:00'),
(51, 43, 'subject_type', '1,3', '1,3,5', 8, 'web', '2018-10-15 13:52:00'),
(52, 43, 'subject_type', '2,4', '2,3,4', 8, 'web', '2018-10-21 09:18:00'),
(53, 43, 'subject_type', '2,3,4', '2,4,5', 8, 'web', '2018-10-21 09:24:00'),
(54, 43, 'subject_type', '2,4,5', '1', 8, 'web', '2018-10-21 09:56:00'),
(55, 90, 'sf_recipient', '0', '3', 8, 'web', '2018-10-22 10:09:00'),
(56, 90, 'sf_uno_office', '0', '312', 8, 'web', '2018-10-22 10:09:00'),
(57, 90, 'sf_issue_memo', '', '352', 8, 'web', '2018-10-22 10:09:00'),
(58, 90, 'sf_issue_date', '0000-00-00', '2017-03-22', 8, 'web', '2018-10-22 10:09:00'),
(59, 90, 'sf_receive_memo', '', '959', 8, 'web', '2018-10-22 10:09:00'),
(60, 90, 'sf_receive_date', '0000-00-00', '2017-08-02', 8, 'web', '2018-10-22 10:09:00'),
(61, 90, 'sf_sending_memo', '', '761', 8, 'web', '2018-10-22 10:09:00'),
(62, 90, 'sf_sending_date', '0000-00-00', '2017-08-10', 8, 'web', '2018-10-22 10:09:00'),
(63, 91, 'case_subject', 'গেজেট নম্বর-২৭৯  বাতিল সংক্রান্ব', '২৪/০৭/২০১৪ তারিখের ৪৮.০০.০০০০.০০৪.৭৫.১০৫.২০১২.১২৬০ স্মারক মূলে গেজেট নম্বর-২৭৯  বাতিল করা সংক্রান্ব', 11, 'web', '2019-01-01 09:54:00'),
(64, 91, 'sf_sending_memo', '', '0', 11, 'web', '2019-01-01 09:54:00'),
(65, 92, 'case_status', '1', '5', 12, 'web', '2019-01-01 11:21:00'),
(66, 92, 'sf_issue_memo', '', '0', 12, 'web', '2019-01-01 11:21:00'),
(67, 92, 'sf_sending_memo', '', '0', 12, 'web', '2019-01-01 11:21:00'),
(68, 93, 'file_no', '48.00.0000.001.004.305.2015', '', 8, 'web', '2019-01-02 08:30:00'),
(69, 93, 'created_by', '11', '8', 8, 'web', '2019-01-02 08:30:00'),
(70, 93, 'hard_file_no', '', '48.00.0000.004.305.2015', 8, 'web', '2019-01-02 08:30:00'),
(71, 93, 'implementing_authority', '', '2', 8, 'web', '2019-01-02 08:30:00'),
(72, 93, 'ministry', '', '0', 8, 'web', '2019-01-02 08:30:00'),
(73, 93, 'dc_office', '', '0', 8, 'web', '2019-01-02 08:30:00'),
(74, 93, 'uno_office', '', '0', 8, 'web', '2019-01-02 08:30:00'),
(75, 93, 'responsibility', '', 'গেজেট শাখা, মু্ক্তিযুদ্ধ বিষয়ক মন্ত্রণালয়', 8, 'web', '2019-01-02 08:30:00'),
(76, 93, 'interim_order_id', '', '80', 8, 'web', '2019-01-02 08:30:00'),
(77, 93, 'sf_sending_memo', '', '0', 8, 'web', '2019-01-02 08:30:00');

-- --------------------------------------------------------

--
-- Table structure for table `category_list`
--

CREATE TABLE `category_list` (
  `id` int(11) NOT NULL,
  `category_name` varchar(100) CHARACTER SET utf8 NOT NULL
) ENGINE=InnoDB DEFAULT CHARSET=latin1;

--
-- Dumping data for table `category_list`
--

INSERT INTO `category_list` (`id`, `category_name`) VALUES
(1, 'ভারতীয় তালিকা'),
(2, 'লালমুক্তিবার্তা'),
(3, 'সাময়িক সনদ'),
(4, 'শহীদ সেনা গেজেট'),
(5, 'বেসাম্রিক গেজেট');

-- --------------------------------------------------------

--
-- Table structure for table `dc_offices`
--

CREATE TABLE `dc_offices` (
  `id` int(11) NOT NULL,
  `dc_office_name_en` varchar(500) CHARACTER SET utf8 NOT NULL,
  `dc_office_name_bn` varchar(500) CHARACTER SET utf8 NOT NULL
) ENGINE=InnoDB DEFAULT CHARSET=latin1;

--
-- Dumping data for table `dc_offices`
--

INSERT INTO `dc_offices` (`id`, `dc_office_name_en`, `dc_office_name_bn`) VALUES
(1, '', 'জেলা প্রশাসক, কুমিল্লা'),
(2, '', 'জেলা প্রশাসক, ফেনী'),
(3, '', 'জেলা প্রশাসক, ব্রাহ্মণবাড়িয়া'),
(4, '', 'জেলা প্রশাসক, রাঙ্গামাটি'),
(5, '', 'জেলা প্রশাসক, নোয়াখালী'),
(6, '', 'জেলা প্রশাসক, চাঁদপুর'),
(7, '', 'জেলা প্রশাসক, লক্ষ্মীপুর'),
(8, '', 'জেলা প্রশাসক, চট্টগ্রাম'),
(9, '', 'জেলা প্রশাসক, কক্সবাজার'),
(10, '', 'জেলা প্রশাসক, খাগড়াছড়ি'),
(11, '', 'জেলা প্রশাসক, বান্দরবান'),
(12, '', 'জেলা প্রশাসক, নওগাঁ'),
(13, '', 'জেলা প্রশাসক, চাঁপাইনবাবগঞ্জ'),
(14, '', 'জেলা প্রশাসক, জয়পুরহাট'),
(15, '', 'জেলা প্রশাসক, নাটোর'),
(16, '', 'জেলা প্রশাসক, রাজশাহী'),
(17, '', 'জেলা প্রশাসক, বগুড়া'),
(18, '', 'জেলা প্রশাসক, পাবনা'),
(19, '', 'জেলা প্রশাসক, সিরাজগঞ্জ');

-- --------------------------------------------------------

--
-- Table structure for table `district_tbl`
--

CREATE TABLE `district_tbl` (
  `id` int(10) UNSIGNED NOT NULL,
  `dis_division_id` varchar(255) COLLATE utf8_unicode_ci NOT NULL,
  `name` varchar(255) COLLATE utf8_unicode_ci NOT NULL,
  `dis_bn_name` varchar(255) COLLATE utf8_unicode_ci NOT NULL,
  `dis_lat` double(15,8) NOT NULL,
  `dis_lon` double(15,8) NOT NULL,
  `dis_website` varchar(255) COLLATE utf8_unicode_ci NOT NULL,
  `created_at` timestamp NULL DEFAULT NULL,
  `updated_at` timestamp NULL DEFAULT NULL
) ENGINE=InnoDB DEFAULT CHARSET=utf8 COLLATE=utf8_unicode_ci;

--
-- Dumping data for table `district_tbl`
--

INSERT INTO `district_tbl` (`id`, `dis_division_id`, `name`, `dis_bn_name`, `dis_lat`, `dis_lon`, `dis_website`, `created_at`, `updated_at`) VALUES
(1, '3', 'Dhaka', 'ঢাকা', 23.71152530, 90.41114510, 'www.dhaka.gov.bd', '2015-09-13 04:33:27', '2015-09-13 04:36:20'),
(2, '3', 'Faridpur', 'ফরিদপুর', 23.60708220, 89.84294060, 'www.faridpur.gov.bd', '2015-09-13 04:33:27', '2015-09-13 04:36:20'),
(3, '3', 'Gazipur', 'গাজীপুর', 24.00228580, 90.42642830, 'www.gazipur.gov.bd', '2015-09-13 04:33:27', '2015-09-13 04:36:20'),
(4, '3', 'Gopalganj', 'গোপালগঞ্জ', 23.00508570, 89.82660590, 'www.gopalganj.gov.bd', '2015-09-13 04:33:27', '2015-09-13 04:36:20'),
(5, '3', 'Jamalpur', 'জামালপুর', 24.93753300, 89.93777500, 'www.jamalpur.gov.bd', '2015-09-13 04:33:27', '2015-09-13 04:36:20'),
(6, '3', 'Kishoreganj', 'কিশোরগঞ্জ', 24.44493700, 90.77657500, 'www.kishoreganj.gov.bd', '2015-09-13 04:33:27', '2015-09-13 04:36:20'),
(7, '3', 'Madaripur', 'মাদারীপুর', 23.16410200, 90.18968050, 'www.madaripur.gov.bd', '2015-09-13 04:33:27', '2015-09-13 04:36:20'),
(8, '3', 'Manikganj', 'মানিকগঞ্জ', 0.00000000, 0.00000000, 'www.manikganj.gov.bd', '2015-09-13 04:33:27', '2015-09-13 04:36:20'),
(9, '3', 'Munshiganj', 'মুন্সিগঞ্জ', 0.00000000, 0.00000000, 'www.munshiganj.gov.bd', '2015-09-13 04:33:27', '2015-09-13 04:36:20'),
(10, '3', 'Mymensingh', 'ময়মনসিং', 0.00000000, 0.00000000, 'www.mymensingh.gov.bd', '2015-09-13 04:33:27', '2015-09-13 04:36:20'),
(11, '3', 'Narayanganj', 'নারায়াণগঞ্জ', 23.63366000, 90.49648200, 'www.narayanganj.gov.bd', '2015-09-13 04:33:27', '2015-09-13 04:36:20'),
(12, '3', 'Narsingdi', 'নরসিংদী', 23.93223300, 90.71541000, 'www.narsingdi.gov.bd', '2015-09-13 04:33:27', '2015-09-13 04:36:20'),
(13, '3', 'Netrokona', 'নেত্রকোনা', 24.87095500, 90.72788700, 'www.netrokona.gov.bd', '2015-09-13 04:33:27', '2015-09-13 04:36:20'),
(14, '3', 'Rajbari', 'রাজবাড়ি', 23.75743050, 89.64446650, 'www.rajbari.gov.bd', '2015-09-13 04:33:27', '2015-09-13 04:36:20'),
(15, '3', 'Shariatpur', 'শরীয়তপুর', 0.00000000, 0.00000000, 'www.shariatpur.gov.bd', '2015-09-13 04:33:27', '2015-09-13 04:36:20'),
(16, '3', 'Sherpur', 'শেরপুর', 25.02049330, 90.01529660, 'www.sherpur.gov.bd', '2015-09-13 04:33:27', '2015-09-13 04:36:20'),
(17, '3', 'Tangail', 'টাঙ্গাইল', 0.00000000, 0.00000000, 'www.tangail.gov.bd', '2015-09-13 04:33:27', '2015-09-13 04:36:20'),
(18, '5', 'Bogra', 'বগুড়া', 24.84652280, 89.37775500, 'www.bogra.gov.bd', '2015-09-13 04:33:27', '2015-09-13 04:36:20'),
(19, '5', 'Joypurhat', 'জয়পুরহাট', 0.00000000, 0.00000000, 'www.joypurhat.gov.bd', '2015-09-13 04:33:27', '2015-09-13 04:36:20'),
(20, '5', 'Naogaon', 'নওগাঁ', 0.00000000, 0.00000000, 'www.naogaon.gov.bd', '2015-09-13 04:33:27', '2015-09-13 04:36:20'),
(21, '5', 'Natore', 'নাটোর', 24.42055600, 89.00028200, 'www.natore.gov.bd', '2015-09-13 04:33:27', '2015-09-13 04:36:20'),
(22, '5', 'Nawabganj', 'নবাবগঞ্জ', 24.59650340, 88.27751220, 'www.chapainawabganj.gov.bd', '2015-09-13 04:33:27', '2015-09-13 04:36:20'),
(23, '5', 'Pabna', 'পাবনা', 23.99852400, 89.23364500, 'www.pabna.gov.bd', '2015-09-13 04:33:27', '2015-09-13 04:36:20'),
(24, '5', 'Rajshahi', 'রাজশাহী', 0.00000000, 0.00000000, 'www.rajshahi.gov.bd', '2015-09-13 04:33:27', '2015-09-13 04:36:20'),
(25, '5', 'Sirajgonj', 'সিরাজগঞ্জ', 24.45339780, 89.70068150, 'www.sirajganj.gov.bd', '2015-09-13 04:33:27', '2015-09-13 04:36:20'),
(26, '6', 'Dinajpur', 'দিনাজপুর', 25.62170610, 88.63545040, 'www.dinajpur.gov.bd', '2015-09-13 04:33:27', '2015-09-13 04:36:20'),
(27, '6', 'Gaibandha', 'গাইবান্ধা', 25.32875100, 89.52808800, 'www.gaibandha.gov.bd', '2015-09-13 04:33:27', '2015-09-13 04:36:20'),
(28, '6', 'Kurigram', 'কুড়িগ্রাম', 25.80544500, 89.63617400, 'www.kurigram.gov.bd', '2015-09-13 04:33:27', '2015-09-13 04:36:20'),
(29, '6', 'Lalmonirhat', 'লালমনিরহাট', 0.00000000, 0.00000000, 'www.lalmonirhat.gov.bd', '2015-09-13 04:33:27', '2015-09-13 04:36:20'),
(30, '6', 'Nilphamari', 'নীলফামারী', 25.93179400, 88.85600600, 'www.nilphamari.gov.bd', '2015-09-13 04:33:27', '2015-09-13 04:36:20'),
(31, '6', 'Panchagarh', 'পঞ্চগড়', 26.34110000, 88.55416060, 'www.panchagarh.gov.bd', '2015-09-13 04:33:27', '2015-09-13 04:36:20'),
(32, '6', 'Rangpur', 'রংপুর', 25.75580960, 89.24446200, 'www.rangpur.gov.bd', '2015-09-13 04:33:27', '2015-09-13 04:36:20'),
(33, '6', 'Thakurgaon', 'ঠাকুরগাঁও', 26.03369450, 88.46168340, 'www.thakurgaon.gov.bd', '2015-09-13 04:33:27', '2015-09-13 04:36:20'),
(34, '1', 'Barguna', 'বরগুনা', 0.00000000, 0.00000000, 'www.barguna.gov.bd', '2015-09-13 04:33:27', '2015-09-13 04:36:20'),
(35, '1', 'Barisal', 'বরিশাল', 0.00000000, 0.00000000, 'www.barisal.gov.bd', '2015-09-13 04:33:27', '2015-09-13 04:36:20'),
(36, '1', 'Bhola', 'ভোলা', 22.68592300, 90.64817900, 'www.bhola.gov.bd', '2015-09-13 04:33:27', '2015-09-13 04:36:20'),
(37, '1', 'Jhalokati', 'ঝালকাঠি', 0.00000000, 0.00000000, 'www.jhalakathi.gov.bd', '2015-09-13 04:33:27', '2015-09-13 04:36:20'),
(38, '1', 'Patuakhali', 'পটুয়াখালী', 22.35963160, 90.32987120, 'www.patuakhali.gov.bd', '2015-09-13 04:33:27', '2015-09-13 04:36:20'),
(39, '1', 'Pirojpur', 'পিরোজপুর', 0.00000000, 0.00000000, 'www.pirojpur.gov.bd', '2015-09-13 04:33:27', '2015-09-13 04:36:20'),
(40, '2', 'Bandarban', 'বান্দরবান', 22.19532750, 92.21837730, 'www.bandarban.gov.bd', '2015-09-13 04:33:27', '2015-09-13 04:36:20'),
(41, '2', 'Brahmanbaria', 'ব্রাহ্মণবাড়িয়া', 23.95709040, 91.11192860, 'www.brahmanbaria.gov.bd', '2015-09-13 04:33:27', '2015-09-13 04:36:20'),
(42, '2', 'Chandpur', 'চাঁদপুর', 23.23325850, 90.67129120, 'www.chandpur.gov.bd', '2015-09-13 04:33:27', '2015-09-13 04:36:20'),
(43, '2', 'Chittagong', 'চট্টগ্রাম', 22.33510900, 91.83407300, 'www.chittagong.gov.bd', '2015-09-13 04:33:27', '2015-09-13 04:36:20'),
(44, '2', 'Comilla', 'কুমিল্লা', 23.46827470, 91.17881350, 'www.comilla.gov.bd', '2015-09-13 04:33:27', '2015-09-13 04:36:20'),
(45, '2', 'Cox\'s Bazar', 'কক্স বাজার', 0.00000000, 0.00000000, 'www.coxsbazar.gov.bd', '2015-09-13 04:33:27', '2015-09-13 04:36:20'),
(46, '2', 'Feni', 'ফেনী', 23.02323100, 91.38408440, 'www.feni.gov.bd', '2015-09-13 04:33:27', '2015-09-13 04:36:20'),
(47, '2', 'Khagrachari', 'খাগড়াছড়ি', 23.11928500, 91.98466300, 'www.khagrachhari.gov.bd', '2015-09-13 04:33:27', '2015-09-13 04:36:20'),
(48, '2', 'Lakshmipur', 'লক্ষ্মীপুর', 22.94247700, 90.84118400, 'www.lakshmipur.gov.bd', '2015-09-13 04:33:27', '2015-09-13 04:36:20'),
(49, '2', 'Noakhali', 'নোয়াখালী', 22.86956300, 91.09939800, 'www.noakhali.gov.bd', '2015-09-13 04:33:27', '2015-09-13 04:36:20'),
(50, '2', 'Rangamati', 'রাঙ্গামাটি', 0.00000000, 0.00000000, 'www.rangamati.gov.bd', '2015-09-13 04:33:27', '2015-09-13 04:36:20'),
(51, '7', 'Habiganj', 'হবিগঞ্জ', 24.37494500, 91.41553000, 'www.habiganj.gov.bd', '2015-09-13 04:33:27', '2015-09-13 04:36:20'),
(52, '7', 'Maulvibazar', 'মৌলভীবাজার', 24.48293400, 91.77741700, 'www.moulvibazar.gov.bd', '2015-09-13 04:33:27', '2015-09-13 04:36:20'),
(53, '7', 'Sunamganj', 'সুনামগঞ্জ', 25.06580420, 91.39501150, 'www.sunamganj.gov.bd', '2015-09-13 04:33:27', '2015-09-13 04:36:20'),
(54, '7', 'Sylhet', 'সিলেট', 24.88979560, 91.86978940, 'www.sylhet.gov.bd', '2015-09-13 04:33:27', '2015-09-13 04:36:20'),
(55, '4', 'Bagerhat', 'বাগেরহাট', 22.65156800, 89.78593800, 'www.bagerhat.gov.bd', '2015-09-13 04:33:27', '2015-09-13 04:36:20'),
(56, '4', 'Chuadanga', 'চুয়াডাঙ্গা', 23.64019610, 88.84184100, 'www.chuadanga.gov.bd', '2015-09-13 04:33:27', '2015-09-13 04:36:20'),
(57, '4', 'Jessore', 'যশোর', 23.16643000, 89.20811260, 'www.jessore.gov.bd', '2015-09-13 04:33:27', '2015-09-13 04:36:20'),
(58, '4', 'Jhenaidah', 'ঝিনাইদহ', 23.54481760, 89.15392130, 'www.jhenaidah.gov.bd', '2015-09-13 04:33:27', '2015-09-13 04:36:20'),
(59, '4', 'Khulna', 'খুলনা', 22.81577400, 89.56867900, 'www.khulna.gov.bd', '2015-09-13 04:33:27', '2015-09-13 04:36:20'),
(60, '4', 'Kushtia', 'কুষ্টিয়া', 23.90125800, 89.12048200, 'www.kushtia.gov.bd', '2015-09-13 04:33:27', '2015-09-13 04:36:20'),
(61, '4', 'Magura', 'মাগুরা', 23.48733700, 89.41995600, 'www.magura.gov.bd', '2015-09-13 04:33:27', '2015-09-13 04:36:20'),
(62, '4', 'Meherpur', 'মেহেরপুর', 23.76221300, 88.63182100, 'www.meherpur.gov.bd', '2015-09-13 04:33:27', '2015-09-13 04:36:20'),
(63, '4', 'Narail', 'নড়াইল', 23.17253400, 89.51267200, 'www.narail.gov.bd', '2015-09-13 04:33:27', '2015-09-13 04:36:20'),
(64, '4', 'Satkhira', 'সাতক্ষীরা', 0.00000000, 0.00000000, 'www.satkhira.gov.bd', '2015-09-13 04:33:27', '2015-09-13 04:36:20');

-- --------------------------------------------------------

--
-- Table structure for table `division_tbl`
--

CREATE TABLE `division_tbl` (
  `id` int(10) UNSIGNED NOT NULL,
  `div_name` varchar(255) COLLATE utf8_unicode_ci NOT NULL,
  `div_bn_name` varchar(255) COLLATE utf8_unicode_ci NOT NULL,
  `created_at` timestamp NULL DEFAULT NULL,
  `updated_at` timestamp NULL DEFAULT NULL
) ENGINE=InnoDB DEFAULT CHARSET=utf8 COLLATE=utf8_unicode_ci;

--
-- Dumping data for table `division_tbl`
--

INSERT INTO `division_tbl` (`id`, `div_name`, `div_bn_name`, `created_at`, `updated_at`) VALUES
(1, 'Barisal', 'বরিশাল', '0000-00-00 00:00:00', '0000-00-00 00:00:00'),
(2, 'Chittagong', 'চট্টগ্রাম', '0000-00-00 00:00:00', '0000-00-00 00:00:00'),
(3, 'Dhaka', 'ঢাকা', '0000-00-00 00:00:00', '0000-00-00 00:00:00'),
(4, 'Khulna', 'খুলনা', '0000-00-00 00:00:00', '0000-00-00 00:00:00'),
(5, 'Rajshahi', 'রাজশাহী', '0000-00-00 00:00:00', '0000-00-00 00:00:00'),
(6, 'Rangpur', 'রংপুর', '0000-00-00 00:00:00', '0000-00-00 00:00:00'),
(7, 'Sylhet', 'সিলেট', '0000-00-00 00:00:00', '0000-00-00 00:00:00');

-- --------------------------------------------------------

--
-- Table structure for table `education_board`
--

CREATE TABLE `education_board` (
  `id` int(11) NOT NULL,
  `board_name` varchar(100) CHARACTER SET utf8 NOT NULL
) ENGINE=InnoDB DEFAULT CHARSET=latin1;

--
-- Dumping data for table `education_board`
--

INSERT INTO `education_board` (`id`, `board_name`) VALUES
(1, 'ঢাকা'),
(2, 'রাজশাহী'),
(3, 'কুমিল্লা'),
(4, 'যশোর'),
(5, 'চট্টগ্রাম'),
(6, 'বরিশাল'),
(7, 'সিলেট'),
(8, 'দিনাজপুর'),
(9, 'মাদ্রাসা');

-- --------------------------------------------------------

--
-- Table structure for table `ff_list_type`
--

CREATE TABLE `ff_list_type` (
  `id` int(11) NOT NULL,
  `name` varchar(1024) COLLATE utf8mb4_unicode_ci NOT NULL,
  `short_name` varchar(256) COLLATE utf8mb4_unicode_ci NOT NULL,
  `short_name_en` varchar(256) COLLATE utf8mb4_unicode_ci NOT NULL,
  `is_active` varchar(8) COLLATE utf8mb4_unicode_ci DEFAULT NULL
) ENGINE=InnoDB DEFAULT CHARSET=utf8mb4 COLLATE=utf8mb4_unicode_ci;

--
-- Dumping data for table `ff_list_type`
--

INSERT INTO `ff_list_type` (`id`, `name`, `short_name`, `short_name_en`, `is_active`) VALUES
(1, 'মুক্তিযোদ্ধাদের ভারতীয় তালিকা', 'ভারতীয়', 'indian', 'yes'),
(2, 'প্রধানমন্ত্রী প্রতিস্বাক্ষরিত মুক্তিযোদ্ধাদের তালিকা', 'প্রধানমন্ত্রী প্রতিস্বাক্ষরিত', 'pm_signed', 'yes'),
(3, 'বেসামরিক গেজেট', 'গেজেট', 'gadget', 'yes'),
(4, 'সাময়িক সনদ', 'সাময়িক সনদ', 'register', 'yes'),
(5, 'শহীদ বেসামরিক গেজেট', 'শহীদ বেসামরিক', 'gadget', 'yes'),
(6, 'সশস্ত্র বাহিনী শহীদ গেজেট', 'সশস্ত্র বাহিনী শহীদ', 'gadget', 'yes'),
(7, 'শহীদ বিজিবি গেজেট', 'শহীদ বিজিবি', 'gadget', 'yes'),
(8, 'শহীদ পুলিশ গেজেট', 'শহীদ পুলিশ', 'gadget', 'yes'),
(9, 'যুদ্ধাহত গেজেট', 'যুদ্ধাহত', 'gadget', 'yes'),
(10, 'খেতাবপ্রাপ্ত গেজেট', 'খেতাবপ্রাপ্ত', 'gadget', 'yes'),
(11, 'মুজিবনগর গেজেট', 'মুজিবনগর', 'gadget', 'yes'),
(12, 'বিসিএস ধারণাগত জ্যৈষ্ঠতাপ্রাপ্ত কর্মকর্তা গেজেট', 'বিসিএস কর্মকর্তা', 'gadget', 'yes'),
(13, 'বিসিএস গেজেট', 'বিসিএস', 'gadget', 'yes'),
(14, 'সেনাবাহিনী গেজেট', 'সেনাবাহিনী', 'gadget', 'yes'),
(15, 'বিমানবাহিনী গেজেট', 'বিমানবাহিনী', 'gadget', 'yes'),
(16, 'নৌবাহিনী গেজেট', 'নৌবাহিনী', 'gadget', 'yes'),
(17, 'নৌ-কমান্ডো গেজেট', 'নৌ-কমান্ডো', 'gadget', 'yes'),
(18, 'বিজিবি গেজেট', 'বিজিবি', 'gadget', 'yes'),
(19, 'পুলিশ বাহিনী গেজেট', 'পুলিশ বাহিনী', 'gadget', 'yes'),
(20, 'আনসার বাহিনী গেজেট', 'আনসার বাহিনী', 'gadget', 'yes'),
(21, 'স্বাধীন বাংলা বেতার শব্দ সৈনিক গেজেট', 'শব্দ সৈনিক', 'gadget', 'yes'),
(22, 'বীরঙ্গনা গেজেট', 'বীরঙ্গনা', 'gadget', 'yes'),
(23, 'স্বাধীন বাংলা ফুটবল দল গেজেট', 'স্বাধীন বাংলা ফুটবল দল', 'gadget', 'yes'),
(24, 'ন্যাপ কমিউনিষ্ট পার্টি ছাত্র ইউনিয়ন বিশেষ গেরিলা বাহিনী গেজেট', 'গেরিলা বাহিনী', 'gadget', 'yes'),
(25, 'লাল মুক্তিবার্তা', 'লাল মুক্তিবার্তা', 'lalbarta', 'yes'),
(26, 'লাল মুক্তিবার্তা স্মরণীয় যারা বরণীয় যারা', 'লাল মুক্তিবার্তা স্মরণীয়', 'lalbarta', 'yes'),
(27, 'মুক্তিযোদ্ধাদের ভারতীয় তালিকা (সেনা, নৌ ও বিমান বা...', 'ভারতীয়', 'indian', 'yes');

-- --------------------------------------------------------

--
-- Table structure for table `interim_orders`
--

CREATE TABLE `interim_orders` (
  `id` int(11) NOT NULL,
  `case_id` int(11) DEFAULT NULL,
  `interim_order_date` date DEFAULT NULL,
  `order_details` text CHARACTER SET utf8,
  `deadline` int(11) DEFAULT NULL COMMENT 'No of Days',
  `created_at` timestamp NULL DEFAULT NULL,
  `updated_at` timestamp NULL DEFAULT NULL
) ENGINE=InnoDB DEFAULT CHARSET=latin1;

--
-- Dumping data for table `interim_orders`
--

INSERT INTO `interim_orders` (`id`, `case_id`, `interim_order_date`, `order_details`, `deadline`, `created_at`, `updated_at`) VALUES
(33, 42, '2017-03-14', 'সম্মানিভাতা স্থগিতের আদেশ কেন বেআইনী ঘোষনা করা হবে না এবং কেন গেজেট প্রকাশ করা হবে না এ মর্মে রুলনিশি জারি করেছেন', NULL, '2018-07-05 04:46:41', '2018-07-05 05:05:16'),
(34, 43, '1970-01-01', NULL, NULL, '2018-07-05 05:32:09', '2018-07-22 09:46:10'),
(36, 49, '2018-06-30', 'Test test', 90, '2018-07-20 00:38:01', '2018-07-20 00:38:01'),
(37, 50, '0000-00-00', '', 0, '2018-07-20 10:24:35', '2018-07-20 10:24:35'),
(38, 51, '0000-00-00', '', 0, '2018-07-20 10:24:58', '2018-07-20 10:24:58'),
(39, 52, '0000-00-00', '', 0, '2018-07-20 11:52:29', '2018-07-20 11:52:29'),
(40, 53, '0000-00-00', '', 0, '2018-07-22 03:01:21', '2018-07-22 03:01:21'),
(41, 54, '0000-00-00', '', 0, '2018-07-22 03:52:25', '2018-07-22 03:52:25'),
(42, 55, '0000-00-00', '', 0, '2018-07-22 09:58:18', '2018-07-22 09:58:18'),
(43, 56, '1970-01-01', NULL, NULL, '2018-07-22 10:04:17', '2018-07-22 10:27:50'),
(44, 57, '0000-00-00', '', 0, '2018-08-01 04:11:24', '2018-08-01 04:11:24'),
(45, 58, '0000-00-00', '', 0, '2018-08-01 06:52:12', '2018-08-01 06:52:12'),
(46, 59, '0000-00-00', '', 0, '2018-08-01 07:04:22', '2018-08-01 07:04:22'),
(47, 60, '0000-00-00', '', 0, '2018-08-01 08:11:02', '2018-08-01 08:11:02'),
(48, 61, '0000-00-00', '', 0, '2018-08-01 09:54:43', '2018-08-01 09:54:43'),
(49, 62, '0000-00-00', '', 0, '2018-08-01 10:27:37', '2018-08-01 10:27:37'),
(50, 63, '0000-00-00', '', 0, '2018-08-02 04:49:05', '2018-08-02 04:49:05'),
(51, 64, '0000-00-00', '', 0, '2018-08-05 03:41:59', '2018-08-05 03:41:59'),
(52, 65, '0000-00-00', '', 0, '2018-08-05 03:46:30', '2018-08-05 03:46:30'),
(53, 66, '0000-00-00', '', 0, '2018-08-05 03:52:55', '2018-08-05 03:52:55'),
(54, 67, '0000-00-00', '', 0, '2018-08-12 06:24:22', '2018-08-12 06:24:22'),
(55, 68, '0000-00-00', '', 0, '2018-08-12 06:32:53', '2018-08-12 06:32:53'),
(56, 69, '0000-00-00', '', 0, '2018-08-12 08:24:18', '2018-08-12 08:24:18'),
(57, 70, '0000-00-00', '', 0, '2018-08-12 08:30:08', '2018-08-12 08:30:08'),
(58, 71, '0000-00-00', '', 0, '2018-08-12 08:48:30', '2018-08-12 08:48:30'),
(59, 72, '0000-00-00', '', 0, '2018-08-28 08:58:03', '2018-08-28 08:58:03'),
(60, 73, '0000-00-00', '', 0, '2018-08-28 09:32:52', '2018-08-28 09:32:52'),
(61, 74, '0000-00-00', '', 0, '2018-08-28 09:44:20', '2018-08-28 09:44:20'),
(62, 75, '0000-00-00', '', 0, '2018-08-28 10:13:43', '2018-08-28 10:13:43'),
(63, 76, '0000-00-00', '', 0, '2018-08-29 05:03:29', '2018-08-29 05:03:29'),
(64, 77, '0000-00-00', '', 0, '2018-08-29 05:10:14', '2018-08-29 05:10:14'),
(65, 78, '0000-00-00', '', 0, '2018-08-29 05:57:12', '2018-08-29 05:57:12'),
(66, 79, '0000-00-00', '', 0, '2018-08-29 06:00:07', '2018-08-29 06:00:07'),
(67, 80, '2017-02-27', 'মহামান্য আদালতের নির্দেশনা অনুযায়ী মেহেরপুর জেলার মেহেরপুর সদর উপজেলার যাচাই-বাছাই কমিটির কার্যক্রম স্থগিত', NULL, '2018-09-06 09:16:22', '2018-09-06 09:22:20'),
(68, 81, '0000-00-00', '', 0, '2018-09-06 09:32:28', '2018-09-06 09:32:28'),
(69, 82, '0000-00-00', '', 0, '2018-09-06 09:46:08', '2018-09-06 09:46:08'),
(70, 83, '0000-00-00', '', 0, '2018-09-06 10:12:33', '2018-09-06 10:12:33'),
(71, 84, '2017-08-24', '--', 0, '2018-09-10 07:19:41', '2018-09-10 07:19:41'),
(72, 85, '0000-00-00', '', 0, '2018-09-10 08:57:51', '2018-09-10 08:57:51'),
(73, 86, '0000-00-00', '', 0, '2018-09-10 09:04:55', '2018-09-10 09:04:55'),
(74, 87, '2017-07-23', 'মহামান্য আদালতের আদেশ অনুযায়ী বাদীর দরখাস্ত জাতীয় মুক্তিযোদ্ধা কাউন্সিলের সভায় উপস্থাপনপূর্বক নিষ্পত্তির প্রয়োজনীয় ব্যবস্থা গ্রহণের ও গৃহীত কার্যক্রম জরুরিভিত্তিতে এ মন্ত্রণালয়কে অবহিত করা।', 0, '2018-09-10 09:19:09', '2018-09-10 09:19:09'),
(75, 88, '2017-05-08', 'মহামান্য আদালতের আদেশ অনুযায়ী বাদীর দরখাস্ত জাতীয় মুক্তিযোদ্ধা কাউন্সিলের সভায় উপস্থাপনপূর্বক নিষ্পত্তির প্রয়োজনীয় ব্যবস্থা গ্রহণের ও গৃহীত কার্যক্রম জরুরিভিত্তিতে এ মন্ত্রণালয়কে অবহিত করা।', 0, '2018-09-10 09:34:52', '2018-09-10 09:34:52'),
(76, 89, '0000-00-00', '', 0, '2018-09-10 09:48:30', '2018-09-10 09:48:30'),
(77, 90, '0000-00-00', '', 0, '2018-10-22 04:03:25', '2018-10-22 04:03:25'),
(78, 91, '0000-00-00', '', 0, '2019-01-01 03:50:28', '2019-01-01 03:50:28'),
(79, 92, '0000-00-00', '', 0, '2019-01-01 04:30:36', '2019-01-01 04:30:36'),
(80, 93, '2015-04-06', 'মহামান্য আদালত  আবেদনকারীর ০২/০৬/২০১১ তারিখের আবেদন ৯০ দিনের মধ্যে নিষ্পত্তির জন্য ১ নং বিবাদীকে নির্দেশনা দিয়েছেন।', NULL, '2019-01-01 04:35:54', '2019-01-02 02:30:02'),
(81, 94, '0000-00-00', '', 0, '2019-01-01 04:48:09', '2019-01-01 04:48:09'),
(82, 95, '2016-05-31', 'মামলার শুনানী পেন্ডিং থাকাকালীন আইন বিচার ও সংসদ বিষয়ক মন্ত্রলালয়ের ১৯/০৪/২০১৫ তারিখের আর-৬/১এম-০১/২০১৫-১১০ স্মারকের প্রজ্ঞাপনটির কার্যকারিতা আদেশ জারির তারিখ থেকে ০৬ মাসের জন্য স্থাগিত করা হয়।', 0, '2019-01-01 04:59:58', '2019-01-01 04:59:58'),
(83, 96, '0000-00-00', '', 0, '2019-01-01 05:21:48', '2019-01-01 05:21:48'),
(84, 97, '0000-00-00', '', 0, '2019-01-01 05:34:52', '2019-01-01 05:34:52'),
(85, 98, '0000-00-00', '', 0, '2019-01-01 05:53:25', '2019-01-01 05:53:25'),
(86, 99, '0000-00-00', '', 0, '2019-01-01 06:00:15', '2019-01-01 06:00:15'),
(87, 100, '0000-00-00', '', 0, '2019-01-01 06:08:16', '2019-01-01 06:08:16'),
(88, 101, '2018-05-09', '“রুলটি বিচারাধীন থাকা অবস্থায় ০৪/০১/২০১৮ তারিখের  তারিখের ১০ নং প্রতিপক্ষ বরাবর দাখিলকৃত দরখাস্ত (Annexure-H series)) আদেশের প্রাপ্তির ৩০ দিনের মধ্যে নিষ্পত্তি করার নির্দেশ প্রদান করা হইল\"', 0, '2019-01-08 03:48:18', '2019-01-08 03:48:18');

-- --------------------------------------------------------

--
-- Table structure for table `interim_orders_details`
--

CREATE TABLE `interim_orders_details` (
  `id` int(11) NOT NULL,
  `case_id` int(11) NOT NULL,
  `interim_order_id` int(11) NOT NULL,
  `implementing_authority` int(4) NOT NULL,
  `ministry` int(11) DEFAULT NULL,
  `dc_office` int(11) DEFAULT NULL,
  `uno_office` int(11) DEFAULT NULL,
  `responsibility` text CHARACTER SET utf8 NOT NULL,
  `created_at` timestamp NULL DEFAULT NULL,
  `updated_at` timestamp NULL DEFAULT NULL
) ENGINE=InnoDB DEFAULT CHARSET=latin1;

--
-- Dumping data for table `interim_orders_details`
--

INSERT INTO `interim_orders_details` (`id`, `case_id`, `interim_order_id`, `implementing_authority`, `ministry`, `dc_office`, `uno_office`, `responsibility`, `created_at`, `updated_at`) VALUES
(72, 42, 33, 1, NULL, NULL, NULL, '--', '2018-07-05 05:05:16', '2018-07-05 05:05:16'),
(75, 49, 36, 8, 2, 0, 0, 'Ministry', '2018-07-20 00:38:01', '2018-07-20 00:38:01'),
(87, 50, 37, 0, 0, 0, 0, '', '2018-07-20 10:24:35', '2018-07-20 10:24:35'),
(88, 51, 38, 0, 0, 0, 0, '', '2018-07-20 10:24:58', '2018-07-20 10:24:58'),
(89, 52, 39, 0, 0, 0, 0, '', '2018-07-20 11:52:29', '2018-07-20 11:52:29'),
(90, 53, 40, 0, 0, 0, 0, '', '2018-07-22 03:01:21', '2018-07-22 03:01:21'),
(91, 54, 41, 0, 0, 0, 0, '', '2018-07-22 03:52:25', '2018-07-22 03:52:25'),
(92, 43, 34, 2, 0, 0, 0, '-', '2018-07-22 09:46:10', '2018-07-22 09:46:10'),
(96, 55, 42, 0, 0, 0, 0, '', '2018-07-22 09:58:18', '2018-07-22 09:58:18'),
(98, 56, 43, 0, 0, 0, 0, '', '2018-07-22 10:27:50', '2018-07-22 10:27:50'),
(99, 57, 44, 0, 0, 0, 0, '', '2018-08-01 04:11:24', '2018-08-01 04:11:24'),
(100, 58, 45, 0, 0, 0, 0, '', '2018-08-01 06:52:12', '2018-08-01 06:52:12'),
(101, 59, 46, 0, 0, 0, 0, '', '2018-08-01 07:04:22', '2018-08-01 07:04:22'),
(102, 60, 47, 0, 0, 0, 0, '', '2018-08-01 08:11:02', '2018-08-01 08:11:02'),
(103, 61, 48, 0, 0, 0, 0, '', '2018-08-01 09:54:43', '2018-08-01 09:54:43'),
(104, 62, 49, 0, 0, 0, 0, '', '2018-08-01 10:27:37', '2018-08-01 10:27:37'),
(105, 63, 50, 0, 0, 0, 0, '', '2018-08-02 04:49:05', '2018-08-02 04:49:05'),
(106, 64, 51, 0, 0, 0, 0, '', '2018-08-05 03:41:59', '2018-08-05 03:41:59'),
(107, 65, 52, 0, 0, 0, 0, '', '2018-08-05 03:46:30', '2018-08-05 03:46:30'),
(108, 66, 53, 0, 0, 0, 0, '', '2018-08-05 03:52:55', '2018-08-05 03:52:55'),
(109, 67, 54, 0, 0, 0, 0, '', '2018-08-12 06:24:22', '2018-08-12 06:24:22'),
(110, 68, 55, 0, 0, 0, 0, '', '2018-08-12 06:32:53', '2018-08-12 06:32:53'),
(111, 69, 56, 0, 0, 0, 0, '', '2018-08-12 08:24:18', '2018-08-12 08:24:18'),
(112, 70, 57, 0, 0, 0, 0, '', '2018-08-12 08:30:08', '2018-08-12 08:30:08'),
(113, 71, 58, 0, 0, 0, 0, '', '2018-08-12 08:48:30', '2018-08-12 08:48:30'),
(114, 72, 59, 0, 0, 0, 0, '', '2018-08-28 08:58:03', '2018-08-28 08:58:03'),
(115, 73, 60, 0, 0, 0, 0, '', '2018-08-28 09:32:53', '2018-08-28 09:32:53'),
(116, 74, 61, 0, 0, 0, 0, '', '2018-08-28 09:44:20', '2018-08-28 09:44:20'),
(117, 75, 62, 0, 0, 0, 0, '', '2018-08-28 10:13:43', '2018-08-28 10:13:43'),
(118, 76, 63, 0, 0, 0, 0, '', '2018-08-29 05:03:29', '2018-08-29 05:03:29'),
(119, 77, 64, 0, 0, 0, 0, '', '2018-08-29 05:10:14', '2018-08-29 05:10:14'),
(120, 78, 65, 0, 0, 0, 0, '', '2018-08-29 05:57:12', '2018-08-29 05:57:12'),
(121, 79, 66, 0, 0, 0, 0, '', '2018-08-29 06:00:07', '2018-08-29 06:00:07'),
(123, 80, 67, 3, 0, 0, 0, 'মেহেরপুর জেলার মেহেরপুর সদর উপজেলার যাচাই-বাছাই কমিটির কার্যক্রম স্থগিত', '2018-09-06 09:22:20', '2018-09-06 09:22:20'),
(124, 81, 68, 0, 0, 0, 0, '', '2018-09-06 09:32:28', '2018-09-06 09:32:28'),
(125, 82, 69, 0, 0, 0, 0, '', '2018-09-06 09:46:08', '2018-09-06 09:46:08'),
(126, 83, 70, 0, 0, 0, 0, '', '2018-09-06 10:12:33', '2018-09-06 10:12:33'),
(127, 84, 71, 3, 0, 0, 0, '--', '2018-09-10 07:19:41', '2018-09-10 07:19:41'),
(128, 85, 72, 0, 0, 0, 0, '', '2018-09-10 08:57:51', '2018-09-10 08:57:51'),
(129, 86, 73, 0, 0, 0, 0, '', '2018-09-10 09:04:55', '2018-09-10 09:04:55'),
(130, 87, 74, 3, 0, 0, 0, 'জাতীয় মুক্তিযোদ্ধা কাউন্সিলের সভায় উপস্থাপনপূর্বক নিষ্পত্তির প্রয়োজনীয় ব্যবস্থা গ্রহণের', '2018-09-10 09:19:09', '2018-09-10 09:19:09'),
(131, 88, 75, 3, 0, 0, 0, 'জাতীয় মুক্তিযোদ্ধা কাউন্সিলের সভায় উপস্থাপনপূর্বক নিষ্পত্তির প্রয়োজনীয় ব্যবস্থা গ্রহণ ।', '2018-09-10 09:34:52', '2018-09-10 09:34:52'),
(132, 89, 76, 0, 0, 0, 0, '', '2018-09-10 09:48:30', '2018-09-10 09:48:30'),
(133, 90, 77, 0, 0, 0, 0, '', '2018-10-22 04:03:25', '2018-10-22 04:03:25'),
(134, 91, 78, 0, 0, 0, 0, '', '2019-01-01 03:50:28', '2019-01-01 03:50:28'),
(135, 92, 79, 0, 0, 0, 0, '', '2019-01-01 04:30:36', '2019-01-01 04:30:36'),
(137, 94, 81, 0, 0, 0, 0, '', '2019-01-01 04:48:09', '2019-01-01 04:48:09'),
(138, 95, 82, 8, 54, 0, 0, 'আইন, বিচার ও সংসদ বিষয়ক মন্ত্রণালয', '2019-01-01 04:59:58', '2019-01-01 04:59:58'),
(139, 96, 83, 0, 0, 0, 0, '', '2019-01-01 05:21:48', '2019-01-01 05:21:48'),
(140, 97, 84, 0, 0, 0, 0, '', '2019-01-01 05:34:52', '2019-01-01 05:34:52'),
(141, 98, 85, 0, 0, 0, 0, '', '2019-01-01 05:53:25', '2019-01-01 05:53:25'),
(142, 99, 86, 0, 0, 0, 0, '', '2019-01-01 06:00:15', '2019-01-01 06:00:15'),
(143, 100, 87, 0, 0, 0, 0, '', '2019-01-01 06:08:16', '2019-01-01 06:08:16'),
(144, 93, 80, 2, 0, 0, 0, 'গেজেট শাখা, মু্ক্তিযুদ্ধ বিষয়ক মন্ত্রণালয়', '2019-01-02 02:30:02', '2019-01-02 02:30:02'),
(145, 101, 88, 3, 0, 0, 0, 'জামুকা', '2019-01-08 03:48:18', '2019-01-08 03:48:18');

-- --------------------------------------------------------

--
-- Table structure for table `judgement_details`
--

CREATE TABLE `judgement_details` (
  `id` int(11) NOT NULL,
  `case_id` int(11) NOT NULL,
  `hearing_date` date NOT NULL,
  `judgement` text CHARACTER SET utf8 NOT NULL,
  `cmp_no` varchar(100) NOT NULL,
  `cmp_judgement` text CHARACTER SET utf8 NOT NULL,
  `cp_no` varchar(100) NOT NULL,
  `cp_judgement` text NOT NULL,
  `review_petition_no` varchar(100) NOT NULL,
  `review_order` text CHARACTER SET utf8 NOT NULL,
  `remarks` text CHARACTER SET utf8 NOT NULL,
  `created_at` timestamp NULL DEFAULT NULL,
  `updated_at` timestamp NULL DEFAULT NULL
) ENGINE=InnoDB DEFAULT CHARSET=latin1;

--
-- Dumping data for table `judgement_details`
--

INSERT INTO `judgement_details` (`id`, `case_id`, `hearing_date`, `judgement`, `cmp_no`, `cmp_judgement`, `cp_no`, `cp_judgement`, `review_petition_no`, `review_order`, `remarks`, `created_at`, `updated_at`) VALUES
(26, 51, '0000-00-00', '', '', '', '', '', '', '', '', '2018-07-20 10:24:58', '2018-07-20 10:24:58'),
(27, 52, '0000-00-00', '', '', '', '', '', '', '', '', '2018-07-20 11:52:29', '2018-07-20 11:52:29'),
(29, 54, '0000-00-00', '', '', '', '', '', '', '', '', '2018-07-22 03:52:25', '2018-07-22 03:52:25'),
(34, 55, '0000-00-00', '', '', '', '', '', '', '', '', '2018-07-22 09:58:18', '2018-07-22 09:58:18'),
(38, 58, '0000-00-00', '', '', '', '', '', '', '', '', '2018-08-01 06:52:12', '2018-08-01 06:52:12'),
(43, 62, '0000-00-00', '', '', '', '', '', '', '', '', '2018-08-01 10:27:37', '2018-08-01 10:27:37'),
(44, 57, '0000-00-00', '', '', '', '', '', '', '', '', '2018-08-01 10:31:14', '2018-08-01 10:31:14'),
(45, 63, '0000-00-00', '', '', '', '', '', '', '', '', '2018-08-02 04:49:05', '2018-08-02 04:49:05'),
(46, 64, '0000-00-00', '', '', '', '', '', '', '', '', '2018-08-05 03:41:59', '2018-08-05 03:41:59'),
(47, 65, '0000-00-00', '', '', '', '', '', '', '', '', '2018-08-05 03:46:30', '2018-08-05 03:46:30'),
(48, 66, '0000-00-00', '', '', '', '', '', '', '', '', '2018-08-05 03:52:55', '2018-08-05 03:52:55'),
(49, 67, '0000-00-00', '', '', '', '', '', '', '', '', '2018-08-12 06:24:22', '2018-08-12 06:24:22'),
(50, 68, '0000-00-00', '', '', '', '', '', '', '', '', '2018-08-12 06:32:53', '2018-08-12 06:32:53'),
(52, 70, '0000-00-00', '', '', '', '', '', '', '', '', '2018-08-12 08:30:08', '2018-08-12 08:30:08'),
(53, 71, '0000-00-00', '', '', '', '', '', '', '', '', '2018-08-12 08:48:30', '2018-08-12 08:48:30'),
(54, 59, '1970-01-01', '', '', '', '', '', '', '', '', '2018-08-20 02:38:37', '2018-08-20 02:38:37'),
(62, 60, '1970-01-01', '', '', '', '', '', '', '', '', '2018-08-20 07:38:20', '2018-08-20 07:38:20'),
(63, 61, '1970-01-01', '', '', '', '', '', '', '', '', '2018-08-20 07:39:36', '2018-08-20 07:39:36'),
(64, 69, '1970-01-01', '', '', '', '', '', '', '', '', '2018-08-20 07:41:39', '2018-08-20 07:41:39'),
(65, 53, '1970-01-01', '', '', '', '', '', '', '', '', '2018-08-20 09:09:49', '2018-08-20 09:09:49'),
(68, 72, '0000-00-00', '', '', '', '', '', '', '', '', '2018-08-28 08:58:04', '2018-08-28 08:58:04'),
(69, 73, '0000-00-00', '', '', '', '', '', '', '', '', '2018-08-28 09:32:53', '2018-08-28 09:32:53'),
(70, 74, '0000-00-00', '', '', '', '', '', '', '', '', '2018-08-28 09:44:20', '2018-08-28 09:44:20'),
(71, 75, '0000-00-00', '', '', '', '', '', '', '', '', '2018-08-28 10:13:43', '2018-08-28 10:13:43'),
(72, 76, '0000-00-00', '', '', '', '', '', '', '', '', '2018-08-29 05:03:30', '2018-08-29 05:03:30'),
(73, 77, '0000-00-00', '', '', '', '', '', '', '', '', '2018-08-29 05:10:14', '2018-08-29 05:10:14'),
(75, 78, '1970-01-01', '', '', '', '', '', '', '', '', '2018-08-29 05:57:42', '2018-08-29 05:57:42'),
(76, 79, '0000-00-00', '', '', '', '', '', '', '', '', '2018-08-29 06:00:07', '2018-08-29 06:00:07'),
(78, 80, '1970-01-01', '', '', '', '', '', '', '', '', '2018-09-06 09:22:21', '2018-09-06 09:22:21'),
(79, 81, '0000-00-00', '', '', '', '', '', '', '', '', '2018-09-06 09:32:28', '2018-09-06 09:32:28'),
(80, 82, '0000-00-00', '', '', '', '', '', '', '', '', '2018-09-06 09:46:08', '2018-09-06 09:46:08'),
(81, 83, '0000-00-00', '', '', '', '', '', '', '', '', '2018-09-06 10:12:34', '2018-09-06 10:12:34'),
(88, 84, '0000-00-00', '', '', '', '', '', '', '', '', '2018-09-10 07:19:41', '2018-09-10 07:19:41'),
(89, 85, '0000-00-00', '', '', '', '', '', '', '', '', '2018-09-10 08:57:51', '2018-09-10 08:57:51'),
(90, 86, '0000-00-00', '', '', '', '', '', '', '', '', '2018-09-10 09:04:55', '2018-09-10 09:04:55'),
(91, 87, '0000-00-00', '', '', '', '', '', '', '', '', '2018-09-10 09:19:09', '2018-09-10 09:19:09'),
(92, 88, '0000-00-00', '', '', '', '', '', '', '', '', '2018-09-10 09:34:52', '2018-09-10 09:34:52'),
(93, 89, '0000-00-00', '', '', '', '', '', '', '', '', '2018-09-10 09:48:30', '2018-09-10 09:48:30'),
(94, 56, '1970-01-01', '', '', '', '', '', '', '', '', '2018-09-16 03:19:14', '2018-09-16 03:19:14'),
(99, 43, '1970-01-01', '', '', '', '', '', '', '', '', '2018-10-21 03:56:19', '2018-10-21 03:56:19'),
(101, 90, '1970-01-01', '', '', '', '', '', '', '', '', '2018-10-22 04:09:31', '2018-10-22 04:09:31'),
(103, 91, '1970-01-01', '', '', '', '', '', '', '', '', '2019-01-01 03:54:10', '2019-01-01 03:54:10'),
(106, 94, '0000-00-00', '', '', '', '', '', '', '', 'যেহেতু মামলায়  মুক্তিযুদ্ধ বিষয়ক মন্ত্রণালয়কে পক্ষ ভূক্ত করা হয়নি সেহেতু এ মন্ত্রণালয়ের উক্ত মামলার কিছুই করার নাই বিধায় পত্রটি নথি জাত করা যেতে পারে।', '2019-01-01 04:48:09', '2019-01-01 04:48:09'),
(107, 95, '0000-00-00', '', '', '', '', '', '', '', '', '2019-01-01 04:59:58', '2019-01-01 04:59:58'),
(108, 92, '2017-10-16', 'accordingly we find merit in these rules. In the result , the rules  are made absolute . The respondents are directed to appoint the petitioner in their respective post to which the applied for or in the a;alternative, to suitable equivalent posts under the quota of freedom  fighters children with in 60 sixty days from the date of receipt of the copy of this judgment.', '', '', '', '', '', '', 'রিট পিটিশন নং ৩৬৩১/২০১৫ ও  রিট পিটিশন নং ৩৩৯১/২০১৬ এ মহামান্য আদালতের রায়ের কপি  বিধি মোতাবেক প্রয়োজনীয় ব্যবস্থা গ্রহনের লক্ষ্যে রেজিষ্টার , বাংলাদেশ কৃষি বিশ্ববিদ্যালয় , ময়মন সিংহ বরাবরে প্রেরণ করা হয়েছে', '2019-01-01 05:21:26', '2019-01-01 05:21:26'),
(109, 96, '0000-00-00', '', '', '', '', '', '', '', '', '2019-01-01 05:21:48', '2019-01-01 05:21:48'),
(110, 97, '0000-00-00', '', '', '', '', '', '', '', 'legal notice এর বিষয়টি গৃহায়ন ও গনপূর্ত মন্ত্রণালয়ের কার্যপরিধি ভূক্ত বিধায় , লিগ্যাল  নোটিশের বিষয়ে প্রয়োজনীয় ব্যাবস্থা গ্রহনের জন্য সচিব, গনপূর্ত মন্ত্রণালয় বরাবর পত্র প্রেরণ করা  হয়েছে ।', '2019-01-01 05:34:52', '2019-01-01 05:34:52'),
(111, 98, '0000-00-00', '', '', '', '', '', '', '', 'মামলার বিষয়ে প্রয়োজনীয় কার্যক্রম গ্রহনের জন্য মহামান্য আদালতের আদেশের কপি সচিব ,শিক্ষা মন্ত্রণালয় বরাবর প্রেরণ করা হয়েছে।', '2019-01-01 05:53:25', '2019-01-01 05:53:25'),
(112, 99, '2016-11-08', 'মহামান্য Rule absolute করে রায় প্রদান করেন।', '', '', '', '', '', '', '', '2019-01-01 06:00:15', '2019-01-01 06:00:15'),
(113, 100, '0000-00-00', '', '', '', '', '', '', '', 'মামলার বিষয়ে বিধি মোতাবেক কার্যক্রম গ্রহন করে এ মন্ত্রণনালয়কে অবহিত করার জন্য সচিব , ব্যাংক ও আর্থিক প্রতিষ্টান বিভাগ , অর্থমন্ত্রণালয়কে পত্র প্রেরন করা হয়েছে।', '2019-01-01 06:08:16', '2019-01-01 06:08:16'),
(114, 93, '1970-01-01', '', '', '', '', '', '', '', '', '2019-01-02 02:30:03', '2019-01-02 02:30:03'),
(115, 101, '0000-00-00', '', '', '', '', '', '', '', '', '2019-01-08 03:48:19', '2019-01-08 03:48:19');

-- --------------------------------------------------------

--
-- Table structure for table `migrations`
--

CREATE TABLE `migrations` (
  `id` int(10) UNSIGNED NOT NULL,
  `migration` varchar(255) COLLATE utf8mb4_unicode_ci NOT NULL,
  `batch` int(11) NOT NULL
) ENGINE=InnoDB DEFAULT CHARSET=utf8mb4 COLLATE=utf8mb4_unicode_ci;

--
-- Dumping data for table `migrations`
--

INSERT INTO `migrations` (`id`, `migration`, `batch`) VALUES
(1, '2014_10_12_000000_create_users_table', 1),
(2, '2014_10_12_100000_create_password_resets_table', 1),
(3, '2017_08_28_181717_create_upazilas_table', 1),
(4, '2017_08_28_182237_create_districts_table', 1),
(5, '2017_08_28_183501_create_user_groups_table', 1),
(6, '2017_08_31_121837_user_group', 1),
(7, '2017_09_11_002210_create_mainareas_table', 1),
(8, '2017_09_12_003920_create_indicators_table', 1),
(9, '2017_09_12_004441_create_sub_indicators_table', 1),
(10, '2017_09_12_061311_add_indicator_title_bn_to_indicators', 1),
(11, '2017_09_16_023000_add_main_area_to_incators', 1),
(12, '2017_09_17_000947_add_serial_to_sub_indicators_table', 1),
(13, '2017_09_17_001651_add_amount_to_sub_indicators_table', 1);

-- --------------------------------------------------------

--
-- Table structure for table `ministry_tbl`
--

CREATE TABLE `ministry_tbl` (
  `id` int(11) NOT NULL,
  `ministry_name_en` varchar(256) NOT NULL,
  `ministry_name_bn` text NOT NULL,
  `status` enum('Active','Inactive') NOT NULL DEFAULT 'Active'
) ENGINE=InnoDB DEFAULT CHARSET=utf8;

--
-- Dumping data for table `ministry_tbl`
--

INSERT INTO `ministry_tbl` (`id`, `ministry_name_en`, `ministry_name_bn`, `status`) VALUES
(1, 'Local Government Division', 'স্থানীয় সরকার বিভাগ', 'Active'),
(2, 'Ministry of Agriculture', 'কৃষি মন্ত্রণালয়', 'Active'),
(3, 'Power Division, M/O. Power, Energy & Mineral Resources', 'বিদ্যুৎ বিভাগ', 'Active'),
(4, 'Bridge Division', 'সেতু বিভাগ', 'Active'),
(5, 'Ministry of Railways', 'রেলপথ মন্ত্রণালয়', 'Active'),
(6, 'Road Transport and Highways Division', 'সড়ক পরিবহন ও মহাসড়ক বিভাগ', 'Active'),
(7, 'Ministry of Education', 'শিক্ষা মন্ত্রণালয়', 'Active'),
(8, 'Ministry of Water Resources', 'পানি সম্পদ মন্ত্রণালয়', 'Active'),
(9, 'Ministry of Primary & Mass Education (MOPME)', 'প্রাথমিক ও গণশিক্ষা মন্ত্রণালয়', 'Active'),
(10, 'Ministry of Planning', 'পরিকল্পনা মন্ত্রণালয়', 'Active'),
(11, 'EMR Division, M/O. Power, Energy & Mineral Res.', 'জ্বালানি ও খনিজ সম্পদ বিভাগ', 'Active'),
(12, 'Ministry of Public Administration', 'জনপ্রশাসন মন্ত্রণালয়', 'Active'),
(13, 'Bangladesh Public Service Commission (BPSC)', 'বাংলাদেশ সরকারি কর্ম কমিশন', 'Active'),
(14, 'Finance Division', 'অর্থ বিভাগ', 'Active'),
(15, 'Bank and Financial Institutions Division', 'আর্থিক প্রতিষ্ঠান বিভাগ', 'Active'),
(16, 'Economic Relations Division (ERD)', 'অর্থনৈতিক সম্পর্ক বিভাগ', 'Active'),
(17, 'Ministry of Finance', 'অর্থ মন্ত্রণালয়', 'Active'),
(18, 'Ministry of Information', 'তথ্য মন্ত্রণালয়', 'Active'),
(19, 'Ministry of Food', 'খাদ্য মন্ত্রণালয়', 'Active'),
(20, 'Ministry of Disaster Management and Relief', 'দুর্যোগ ব্যবস্থাপনা ও ত্রাণ মন্ত্রণালয়', 'Active'),
(21, 'M/O. Posts, Telecomm. and Information Technology', 'ডাক, টেলিযোগাযোগ ও তথ্যপ্রযুক্তি মন্ত্রণালয়', 'Active'),
(22, 'Posts and Telecommunications Division', 'ডাক ও টেলিযোগাযোগ বিভাগ', 'Active'),
(23, 'Ministry of Religious Affairs (MORA)', 'ধর্ম বিষয়ক মন্ত্রণালয়', 'Active'),
(24, 'Ministry of Foreign Affairs', 'পররাষ্ট্র মন্ত্রণালয়', 'Active'),
(25, 'Statistics and Informatics Division', 'পরিসংখ্যান ও তথ্য ব্যবস্থাপনা বিভাগ', 'Active'),
(26, 'Ministry of Environment and Forests', 'পরিবেশ, বন ও জলবায়ু পরিবর্তন মন্ত্রণালয়', 'Active'),
(27, 'Ministry of Defence', 'প্রতিরক্ষা মন্ত্রণালয়', 'Active'),
(28, 'Ministry of Labour And Employment', 'শ্রম ও কর্মসংস্থান মন্ত্রণালয়', 'Active'),
(29, 'Ministry of Textiles and Jute', 'বস্ত্র ও পাট মন্ত্রণালয়', 'Active'),
(30, 'Ministry of Housing and Public Works', 'গৃহায়ণ ও গণপূর্ত মন্ত্রণালয়', 'Active'),
(31, 'Bangladesh Energy Regulatory Commission (BERC)', 'à¦¬à¦¾à¦‚à¦²à¦¾à¦¦à§‡à¦¶ à¦à¦¨à¦¾à¦°à§à¦œà¦¿ à¦°à§‡à¦—à§à¦²à§‡à¦Ÿà¦°à¦¿ à¦•à¦®à¦¿à¦¶à¦¨ (à¦¬à¦¿ à¦‡ à¦†à¦° à¦¸à¦¿)', 'Inactive'),
(32, 'Ministry of Commerce', 'বাণিজ্য মন্ত্রণালয়', 'Active'),
(33, 'Ministry of Chittagong Hills Tracts Affairs', 'পার্বত্য চট্টগ্রাম বিষয়ক মন্ত্রণালয়', 'Active'),
(34, 'Ministry of Civil Aviation and Tourism', 'বেসামরিক বিমান পরিবহন ও পর্যটন মন্ত্রণালয়', 'Active'),
(35, 'Ministry of Land', 'ভূমি মন্ত্রণালয়', 'Active'),
(36, 'Ministry of Women and Children Affairs (MWCA)', 'মহিলা ও শিশু বিষয়ক মন্ত্রণালয়', 'Active'),
(37, 'Ministry of Fisheries and Livestock', 'মৎস্য ও প্রাণিসম্পদ মন্ত্রণালয়', 'Active'),
(38, 'Ministry of Youth & Sports', 'যুব ও ক্রীড়া মন্ত্রণালয়', 'Active'),
(39, 'Ministry of Communication', 'সড়ক পরিবহন ও সেতু মন্ত্রণালয়', 'Active'),
(40, 'Ministry of Industries', 'শিল্প মন্ত্রণালয়', 'Active'),
(41, 'Ministry of Science and Technology', 'বিজ্ঞান ও প্রযুক্তি মন্ত্রণালয়', 'Active'),
(42, 'Ministry of Social Welfare', 'সমাজকল্যাণ মন্ত্রণালয়', 'Active'),
(43, 'Ministry of Cultural Affairs', 'সংস্কৃতি বিষয়ক মন্ত্রণালয়', 'Active'),
(44, 'Ministry of Home Affairs', 'স্বরাষ্ট্র মন্ত্রণালয়', 'Active'),
(45, 'Ministry of Health and Family Welfare', 'স্বাস্থ্য ও পরিবার কল্যাণ মন্ত্রণালয়', 'Active'),
(46, 'Rural Development & Cooperative Division', 'পল্লী উন্নয়ন ও সমবায় বিভাগ', 'Active'),
(47, 'Ministry of Liberation War Affairs', 'মুক্তিযুদ্ধ বিষয়ক মন্ত্রণালয়', 'Active'),
(48, 'Ministry of Expatriates\' Welfare & Overseas Employment', 'প্রবাসী কল্যাণ ও বৈদেশিক কর্মসংস্থান মন্ত্রণালয়', 'Active'),
(49, 'Ministry of Shipping', 'নৌ-পরিবহন মন্ত্রণালয়', 'Active'),
(50, 'Bangladesh Election Commission', 'নির্বাচন কমিশন সচিবালয়', 'Active'),
(51, 'Information Commission', 'তথ্য কমিশন', 'Active'),
(52, 'Information and Communication Technology Division', 'তথ্য ও যোগাযোগ প্রযুক্তি বিভাগ', 'Active'),
(53, 'Internal Resources Division (IRD)', 'অভ্যন্তরীণ সম্পদ বিভাগ', 'Active'),
(54, 'Ministry of Law, Justice and Parliamentary Affairs', 'আইন, বিচার ও সংসদ বিষয়ক মন্ত্রণালয়', 'Active'),
(55, 'Supreme Court of Bangladesh', 'à¦¸à§à¦ªà§à¦°à¦¿à¦® à¦•à§‹à¦°à§à¦Ÿ à¦¬à¦¾à¦‚à¦²à¦¾à¦¦à§‡à¦¶', 'Inactive'),
(56, 'Bangladesh Law Commission', 'à¦¬à¦¾à¦‚à¦²à¦¾à¦¦à§‡à¦¶ à¦² à¦•à¦®à¦¿à¦¶à¦¨', 'Inactive'),
(57, 'Bangladesh Judicial Service Commission', 'à¦¬à¦¾à¦‚à¦²à¦¾à¦¦à§‡à¦¶ à¦¬à¦¿à¦šà¦¾à¦° à¦¬à¦¿à¦­à¦¾à¦—à§€à§Ÿ à¦•à¦®à¦¿à¦¶à¦¨', 'Inactive'),
(58, 'President\'s Office', 'রাষ্ট্রপতির কার্যালয়', 'Active'),
(59, 'Prime Minister\'s Office', 'প্রধানমন্ত্রীর কার্যালয়', 'Active'),
(60, 'Cabinet Division', 'মন্ত্রিপরিষদ বিভাগ', 'Active'),
(61, 'National Parliament of Bangladesh', 'à¦¸à¦‚à¦¸à¦¦ à¦¸à¦šà¦¿à¦¬à¦¾à¦²à¦¯à¦¼', 'Inactive'),
(62, 'Law & Justice Division', 'আইন ও বিচার বিভাগ', 'Active'),
(63, 'Implementation Monitoring & Evaluation Division (IMED)', 'বাস্তবায়ন পরিবীক্ষণ ও মূল্যায়ন বিভাগ', 'Active'),
(64, 'Ministry of Planning, Planning Division', 'পরিকল্পনা বিভাগ', 'Active'),
(65, 'Ministry of Local Government, Rural Development & Cooperative', 'পল্লী উন্নয়ন ও সমবায় বিভাগ', 'Active'),
(66, 'Food Division, Ministry of Food & Disaster Management', 'à¦–à¦¾à¦¦à§à¦¯ à¦¬à¦¿à¦­à¦¾à¦—, à¦–à¦¾à¦¦à§à¦¯ à¦“ à¦¦à§à¦°à§à¦¯à§‹à¦— à¦¬à§à¦¯à¦¬à¦¸à§à¦¥à¦¾à¦ªà¦¨à¦¾ à¦®à¦¨à§à¦¤à§à¦°à¦£à¦¾à¦²à§Ÿ', 'Inactive'),
(67, 'Ministry of Planning, Programming Division', 'à¦ªà¦°à¦¿à¦•à¦²à§à¦ªà¦¨à¦¾ à¦®à¦¨à§à¦¤à§à¦°à¦£à¦¾à¦²à§à¦¯, à¦•à¦¾à¦°à§à¦¯à¦•à§à¦°à¦® à¦¬à¦¿à¦­à¦¾à¦—', 'Inactive');

-- --------------------------------------------------------

--
-- Table structure for table `notifications`
--

CREATE TABLE `notifications` (
  `id` int(11) NOT NULL,
  `date` date DEFAULT NULL,
  `from_id` int(11) NOT NULL,
  `to_id` int(11) NOT NULL,
  `application_id` int(11) NOT NULL,
  `status` int(11) NOT NULL COMMENT '0=unread, 1=read',
  `remarks` text NOT NULL,
  `created_at` timestamp NOT NULL DEFAULT CURRENT_TIMESTAMP,
  `updated_at` timestamp NOT NULL DEFAULT CURRENT_TIMESTAMP ON UPDATE CURRENT_TIMESTAMP
) ENGINE=InnoDB DEFAULT CHARSET=latin1;

--
-- Dumping data for table `notifications`
--

INSERT INTO `notifications` (`id`, `date`, `from_id`, `to_id`, `application_id`, `status`, `remarks`, `created_at`, `updated_at`) VALUES
(1, '2017-10-04', 7, 6, 15, 1, 'remarksssssssssssssssssssssssssss', '2017-10-03 19:34:23', '2017-10-03 20:32:44'),
(2, '2017-10-04', 7, 6, 16, 1, 'comments goes here', '2017-10-03 20:45:16', '2017-10-03 20:45:56'),
(3, '2017-10-04', 6, 4, 16, 1, 'send to center...', '2017-10-03 20:57:10', '2017-10-03 20:57:37'),
(4, '2017-10-04', 6, 7, 15, 1, 'back to operator, data not correct. Please check out.', '2017-10-03 21:05:14', '2017-10-03 21:08:32'),
(5, '2017-10-04', 7, 6, 15, 1, 'corrected', '2017-10-03 21:10:15', '2017-10-03 21:10:37'),
(6, '2017-10-04', 6, 4, 15, 1, 'corrected data. please check it', '2017-10-03 21:10:52', '2017-10-03 21:12:58'),
(7, '2017-10-04', 4, 6, 15, 1, 'back from center to reviewer', '2017-10-03 21:20:36', '2017-10-03 21:26:32'),
(8, '2017-10-04', 4, 6, 16, 0, 'asdfasdfasdf', '2017-10-03 21:22:56', '2017-10-03 21:22:56');

-- --------------------------------------------------------

--
-- Table structure for table `password_resets`
--

CREATE TABLE `password_resets` (
  `email` varchar(191) COLLATE utf8mb4_unicode_ci NOT NULL,
  `token` varchar(191) COLLATE utf8mb4_unicode_ci NOT NULL,
  `created_at` timestamp NULL DEFAULT NULL
) ENGINE=InnoDB DEFAULT CHARSET=utf8mb4 COLLATE=utf8mb4_unicode_ci;

-- --------------------------------------------------------

--
-- Table structure for table `recipients`
--

CREATE TABLE `recipients` (
  `id` int(11) NOT NULL,
  `recipient_name` varchar(100) NOT NULL
) ENGINE=InnoDB DEFAULT CHARSET=latin1;

--
-- Dumping data for table `recipients`
--

INSERT INTO `recipients` (`id`, `recipient_name`) VALUES
(1, 'MOLWA(Budget)'),
(2, 'MOLWA(Gadzet)'),
(3, 'JAMUKA'),
(4, 'BAMUKOTRA'),
(5, 'SONGSOD'),
(6, 'DC Office'),
(7, 'UNO Office'),
(8, 'Ministry'),
(9, 'MOLWA (Development)'),
(10, 'MOLWA(Attestation)'),
(11, 'MOLWA(Certificate)');

-- --------------------------------------------------------

--
-- Table structure for table `rule_nisi_orders`
--

CREATE TABLE `rule_nisi_orders` (
  `id` int(11) NOT NULL,
  `case_id` int(11) DEFAULT NULL,
  `rule_nisi_order_date` date DEFAULT NULL,
  `rule_nisi_order_details` text CHARACTER SET utf8,
  `created_at` timestamp NULL DEFAULT NULL,
  `updated_at` timestamp NULL DEFAULT NULL
) ENGINE=InnoDB DEFAULT CHARSET=latin1;

--
-- Dumping data for table `rule_nisi_orders`
--

INSERT INTO `rule_nisi_orders` (`id`, `case_id`, `rule_nisi_order_date`, `rule_nisi_order_details`, `created_at`, `updated_at`) VALUES
(33, 42, '2017-03-14', 'সম্মানিভাতা স্থগিতের আদেশ কেন বেআইনী ঘোষনা করা হবে না এবং কেন গেজেট প্রকাশ করা হবে না এ মর্মে রুলনিশি জারি করেছেন', '2018-07-05 04:46:41', '2018-07-05 05:05:16'),
(34, 43, '2017-10-05', 'বাদীগণের নাম বাদ দিয়ে যশোর জেলার শর্শা ও বাঘারপাড়া উপজেলা যাচাই-বাছাই কমিটি গঠন করায় কমিটি কেন বেআইনী ঘোষণা করা হবে না এবং শর্শা ও বাঘারপাড়া উপজেলা যাচাই-বাছাই কমিটিএত বাদীদের কে সভাপতি হিসেবে অন্তর্ভূক্ত করার জন্য নির্দেশনা প্রদান করা হবে না মর্মে রুলনিশি জারি করেছেন।', '2018-07-05 05:32:09', '2018-07-22 09:46:11'),
(36, NULL, '2018-07-03', 'ajhashdgasdhga', '2018-07-20 00:06:28', '2018-07-20 00:06:28'),
(37, NULL, '2018-07-03', 'ajhashdgasdhga', '2018-07-20 00:07:57', '2018-07-20 00:07:57'),
(38, NULL, '2018-07-03', 'ajhashdgasdhga', '2018-07-20 00:08:27', '2018-07-20 00:08:27'),
(39, NULL, '2018-07-03', 'ajhashdgasdhga', '2018-07-20 00:08:52', '2018-07-20 00:08:52'),
(40, NULL, '2018-07-30', 'test', '2018-07-20 00:38:01', '2018-07-20 00:38:01'),
(41, NULL, '0000-00-00', '', '2018-07-20 10:24:35', '2018-07-20 10:24:35'),
(42, NULL, '0000-00-00', '', '2018-07-20 10:24:57', '2018-07-20 10:24:57'),
(43, NULL, '2018-07-01', 'dddd', '2018-07-20 11:52:29', '2018-07-20 11:52:29'),
(44, 53, '2017-02-14', 'বয়স নির্ধারন সংক্রান্তে এবং ভাতা প্রদান ও গেজেট প্রকাশ বিষয়ে কারণ দর্শায়ে রুল নিশি জারী করা হয়েছে।', '2018-07-22 03:01:21', '2018-07-22 03:01:21'),
(45, 54, '2017-01-31', 'সাতক্ষীরা জেলার দেবহাটা উপজেলার যাচাই-বাছাই কমিটির প্রজ্ঞাপন কে কেন বেআইনী ঘোষণা করা হবে না।', '2018-07-22 03:52:25', '2018-07-22 03:52:25'),
(46, 55, '2017-02-05', 'রাজশাহী মহানগর যাচাই-বাছাই কমিটির ৬ (ছয়) মাসের স্থগিত', '2018-07-22 09:58:18', '2018-07-22 09:58:18'),
(47, 56, '2017-02-13', 'চট্টগ্রাম জেলার আনোয়ারা উপজেলা যাচাই-বাছাই কমিটির কার্যক্রম কেন বেআইনী ঘোষণা করা হবে না ।', '2018-07-22 10:04:17', '2018-07-22 10:27:50'),
(48, 57, '2017-02-19', 'চুয়াডাংগা জেলার দামুরহুদা উপজেলার মুক্তিযোদ্ধা যাচাই-বাছাই তিন (৩) মাসের জন্য স্থগিত', '2018-08-01 04:11:24', '2018-08-01 10:31:14'),
(49, 58, '2017-02-12', 'পটুয়াখালি জেলার যাচাই-বাছাই স্থগিত', '2018-08-01 06:52:12', '2018-08-01 06:52:12'),
(50, 59, '2017-02-02', 'বরগুনা জেলার পাথরঘাটা উপজেলার যাচাই-বাছাই তিন মাসের জন্য স্থগিতাদেশ', '2018-08-01 07:04:22', '2018-08-01 07:25:10'),
(51, 60, '2017-06-14', 'মুক্তিযোদ্ধার সম্মানী ভাতা পুনরায় চালু করা সংক্রান্ত', '2018-08-01 08:11:02', '2018-08-01 08:11:02'),
(52, 61, '2017-05-28', 'সম্মানী ভাতা পুনরায় চালু করা সংক্রান্ত', '2018-08-01 09:54:43', '2018-08-01 09:54:43'),
(53, 62, '0000-00-00', '', '2018-08-01 10:27:37', '2018-08-01 10:27:37'),
(54, 63, '2017-01-31', 'রাজশাহী জেলার বাঘা উপজেলার যাচাই-বাছাই কমিটির কার্যকারিতা ৩ (তিন) মাসের জন্য স্থগিত', '2018-08-02 04:49:05', '2018-08-02 04:49:05'),
(55, 64, '2017-02-06', 'ঢাকা জেলার নবাবগঞ্জ উপজেলার যাচাই-বাছাই কমিটি স্থগিতাদেশ সংক্রান্ত', '2018-08-05 03:41:59', '2018-08-05 03:41:59'),
(56, 65, '2017-02-06', 'রাজশাহী জেলার বাগমারা উপজেলার যাচাই-বাছাই তিন (৩) মাসের স্থগিত', '2018-08-05 03:46:30', '2018-08-05 03:46:30'),
(57, 66, '2017-02-20', 'সাতক্ষীরা জেলার তালা উপজেলার যাচাই-বাছাই ৩ (তিন) মাসের জন্য স্থগিত', '2018-08-05 03:52:55', '2018-08-05 03:52:55'),
(58, 67, '2017-06-08', '12', '2018-08-12 06:24:22', '2018-08-12 06:24:22'),
(59, 68, '2017-06-07', 'বাদীর রাষ্ট্রীয় সম্মানী ভাতা স্থগিত করার কার্যক্রমকে কেন বেআইনী ঘোষনা করা হবে না এ মর্মে রুলনিশি জারী করা হয়েছে ।', '2018-08-12 06:32:53', '2018-08-12 06:32:53'),
(60, 69, '2017-03-15', '১১১', '2018-08-12 08:24:17', '2018-08-12 08:24:17'),
(61, 70, '2017-01-25', 'পটুয়াখালি জেলার দুমকি উপজেলার উপজেলা ও জেলা/মহানগর যাচাই-বাছাই কমিটি গঠন ৬ (ছয়) মাসের জন্য স্থগিত', '2018-08-12 08:30:08', '2018-08-12 08:30:08'),
(62, 71, '2017-02-14', 'আবেদনকারীগণকে যাচাই-বাছাই প্রক্রিয়ার আওতায় নেয়া কেন বেআইনী মর্মে ঘোষণা করা হবে না ১৪-০৩-২০১৭ তারিখ বা এর পূর্বে কারণ দর্শানোর জন্য রুল নিশী জারী করা হয়েছে।', '2018-08-12 08:48:30', '2018-08-12 08:48:30'),
(63, 72, '2017-06-08', 'আমতলি উপজেলার যাচাই-বাছাই কমিটি কর্তৃক বাদির মুক্তিযোদ্ধার স্বীকৃতির বিষয়ে দ্বিধাবিভক্ত সিদ্ধান্ত প্রদান করে \"খ\" ফরম প্রস্তুত করায় কেন উক্ত সিদ্ধান্তকে কেন বেআইনী ঘোষণা করা হবে না এ মর্মে রুলনিশি জারি করা হয়েছে ।', '2018-08-28 08:58:03', '2018-08-28 08:58:03'),
(64, 73, '2017-05-28', 'মন্ত্রণালয়ের ০৩/০৫', '2018-08-28 09:32:52', '2018-08-28 09:32:52'),
(65, 74, '2017-06-08', 'বরগুনা জেলার আমতলী উপজেলার যাচাই-বাছাই কমিটি কর্তৃক বাদীর নাম বাদ দিয়ে তালিকা প্রকাশ করায় উক্ত কার্যক্রমকে কেন বেআইনী ঘোষনা করা হবে না এ মর্মে রুল নিশি জারী করা হয়েছে ।', '2018-08-28 09:44:20', '2018-08-28 09:44:20'),
(66, 75, '2017-05-24', 'বাংলাদেশ কল্যাণ ট্রাষ্ট কর্তৃক বাদী যুদ্ধাহত মুক্তিযোদ্ধা নন মর্মে ঘোষনা করাকে এবং নোটানুচ্ছেদ ২-এ বর্ণিত পত্রানুযায়ী বাদীর সম্মানী ভাতা ও রেশন স্থগিত করার কার্যক্রমকে কে বেআইনী ঘোষনা করা হবে না এবং কেন বাদীকে যুদ্ধাহত মুক্তিযোদ্ধা হিসেবে ঘোষনা করার জন্য ও তার সম্মানী ভাতা প্রদানের জন্য Respondent-দের নির্দেশনা প্রদান করা হবে না এ মর্মে রুল নিশি জারি করেছেন।', '2018-08-28 10:13:43', '2018-08-28 10:13:43'),
(67, 76, '2017-05-21', 'মন্ত্রণালয়ের গত ১০.১১.২০১৬ তারিখে প্রকাশিত \"মুক্তিযোদ্ধা\" এর সংজ্ঞা ও বয়স নির্ধারণের প্রজ্ঞাপন, যাচাই-বাছাই নির্দেশিকা-২০১৬ এবং ১২/০১/২০১৭ তারিখের প্রজ্ঞাপন কেন  বেআইনী ঘোষনা করা হবে না এ মর্মে রুলনিশি জারি করা হয়েছে ।', '2018-08-29 05:03:29', '2018-08-29 05:03:29'),
(68, 77, '2017-04-13', 'গাজীপুর জেলার সদর উপজেলার যাচাই-বাছাই কমিটি গঠন এবং ইতোমধ্যে কমিটি কর্তৃক গৃহীত কার্যক্রমকে কেন বেআইনী ঘোষনা করা হবে না এ মর্মে রুলনিশি জারী করা হয়েছে ।', '2018-08-29 05:10:14', '2018-08-29 05:10:14'),
(69, 78, '1970-01-01', '', '2018-08-29 05:57:12', '2018-08-29 05:57:41'),
(70, 79, '0000-00-00', '', '2018-08-29 06:00:07', '2018-08-29 06:00:07'),
(71, 80, '2017-02-27', 'মেহেরপুর জেলার মেহেরপুর সদর উপজেলার যাচাই-বাছাই কমিটি গঠন করা কেন বেআইনী মর্মে ঘোষনা করা হবে না', '2018-09-06 09:16:22', '2018-09-06 09:16:22'),
(72, 81, '2017-02-19', 'লক্ষীপুর জেলার রামগঞ্জ উপজেলার যাচাই-বাছাই কমিটির কার্যকারিতা ৩ মাসের জন্য স্থগিত করেছেন', '2018-09-06 09:32:28', '2018-09-06 09:32:28'),
(73, 82, '2017-04-27', 'মাগুরা জেলার মোহাম্মদপুর উপজেলার যাচাই-বাছাই কমিটি গঠন ও উক্ত কমিটির কার্যক্রমকে কেন বাআইনী ঘোষনা করা হবে না এ মর্মে রুল নিশি জারী করেছেন', '2018-09-06 09:46:08', '2018-09-06 09:46:08'),
(74, 83, '2017-08-13', 'এ মন্ত্রণালয়ের ২৫/০৫/২০১৬ তারিখে ৪৮.০০.০০০০.০০২.২২.০০২.২০১৩-৬০০ নং স্মারকে মুক্তিযোদ্ধার সংজ্ঞাকে কেন বেআইনি ঘোষনা করা হবে না এ মর্মে রুল নিশি জারী দায়ের করেছেন', '2018-09-06 10:12:33', '2018-09-06 10:12:33'),
(75, 84, '2017-08-24', '--', '2018-09-10 07:19:41', '2018-09-10 07:19:41'),
(76, 85, '2017-07-24', 'মুক্তিযোদ্ধার যাচাই-বাছাই সংক্রান্ত', '2018-09-10 08:57:51', '2018-09-10 08:57:51'),
(77, 86, '2017-12-05', '', '2018-09-10 09:04:55', '2018-09-10 09:04:55'),
(78, 87, '0000-00-00', '', '2018-09-10 09:19:09', '2018-09-10 09:19:09'),
(79, 88, '0000-00-00', '', '2018-09-10 09:34:52', '2018-09-10 09:34:52'),
(80, 89, '2017-05-14', 'এ মন্ত্রণালয়ের ২৫/০৪/২০১৬ তারিখের ৪৮.০০.০০০০.০০২.২২.০০২.২০১৩-৬০০ নং পরিপত্র  এবং এ মন্ত্রণালয়ের ২২/০২/২০১৭ তারিখের ৪৮.০০.০০০০.০০২.১২.৩২৪.২০১৭-২১৮ নং প্রজ্ঞাপন ২ টি কেন বেআইনী ঘোষনা করা হবে না এ বিষয়ে রুল নিশি জারী করা হয়েছে ।', '2018-09-10 09:48:30', '2018-09-10 09:48:30'),
(81, 90, '2017-02-27', 'যাচাই-বাছাই কমিটি থেকে বাদীর নাম এ মন্ত্রণালয়ের ০৯/০২/২০১৮ তারিখের ৪৮.০০.০০০০.০০৪.৪৯.২৩৩.০৯/২০১৭-৪০৬ স্মারকে গঠিত মাগুরা সদর উপজেলা যাচাই-বাছাই কমিটির সংশোধিত তালিকা প্রকাশের কার্যক্রম ০৩ (তিন) মাসের জন্য স্থগিত করেছেন ।', '2018-10-22 04:03:25', '2018-10-22 04:03:25'),
(82, 91, '2015-05-05', '২৪/০৭/২০১৪ তারিখের ৪৮.০০.০০০০.০০৪.৭৫.১০৫.২০১২.১২৬০ স্মারক মূলে মহামান্য আদালত বাদীর গেজেট বাতিল করাকে কেন বেআইনী ঘোষণা করা হবে না এই মর্মে রল নিশি জারি করেছেন', '2019-01-01 03:50:28', '2019-01-01 03:50:28'),
(83, 92, '2015-05-27', 'বাংলাদেশ কৃষি বিশ্ববিদ্যালয়ে ৩য় ও ৪র্থ শ্রেনী কর্মচারী নিয়োগের ক্ষেত্রে মুক্তিযোদ্ধার ৩০ % কোটায় মুক্তিযোদ্ধার সন্তানদের কেন নিয়োগ প্রদান করা হবে না এ মর্মে রূল জারি করেছেন ।', '2019-01-01 04:30:36', '2019-01-01 04:30:36'),
(84, 93, '2015-04-06', '০৯/০৩/২০১০ তারিখের রেজিঃ/প্রশা-২/৩৯৬১১ স্মারকে ঢাকা বিশ্ববিদ্যালয় এর চাকুরি থেকে অবসর প্রদান করাকে কেন বেআইনী ঘোষণা করা হবে না এই মর্মে রুল নিশি জারী করা হয়েছে।', '2019-01-01 04:35:54', '2019-01-01 04:35:54'),
(85, 94, '0000-00-00', '', '2019-01-01 04:48:09', '2019-01-01 04:48:09'),
(86, 95, '2015-05-31', 'আইন বিচার ও সংসদ বিষয়ক মন্ত্রলালয়ের ১৯/০৪/২০১৫ তারিখের আর-৬/১এম-০১/২০১৫-১১০ স্মারকের প্রজ্ঞাপনটি কেন বেআইনী  ঘোষণা করা হবে না এই মর্মে রুল নিশি জারি করা হয়।', '2019-01-01 04:59:58', '2019-01-01 04:59:58'),
(87, 96, '2015-05-05', 'মহামান্য আদালত ৪৮.০০.০০০০.০০৪.৭৫.১০৫.২০১২.১২৬০ স্মারকে বাদীর গেজেট নম্বর-২৭৯ বাতিল করাকে কেন বেআইনী ঘোষণা করা হবে এই মর্মে রুল জারি করেছে।', '2019-01-01 05:21:48', '2019-01-01 05:21:48'),
(88, 97, '0000-00-00', '', '2019-01-01 05:34:52', '2019-01-01 05:34:52'),
(89, 98, '2015-09-22', 'মুক্তিযোদ্ধার চাকুরির বয়স ০১ বৎসর  বৃদ্ধি করার জন্য  নির্দেশনা চেয়েছেন । মহামান্য আদালত উভয় পক্ষকে শুনে কেন বাদীকে চাকুরিতে অবসরের বয়স ০১ বৎসর বৃদ্ধি করা হবে না এ মর্মে রূল জারি করেছেন ।', '2019-01-01 05:53:25', '2019-01-01 05:53:25'),
(90, 99, '2018-07-04', 'রাষ্ট্রীয় সম্মানী ভাতা সহ সকল সুযোগ সুবিধা প্রদানের নির্দেশনা কেন দেয়া হবে না এই মর্মে রুল নিশি জারি করা হয়।', '2019-01-01 06:00:15', '2019-01-01 06:00:15'),
(91, 100, '2015-08-11', 'মুক্তিযোদ্ধা হিসেবে তার \r\nচাকুরির বয়স কেন ৫৯-৬০ বৃদ্ধি  করা হবে না এবং কেন তার চাকুরি পুন বহাল করা  হবে না এ মর্মে রুল নিশি জারি করেছেন।', '2019-01-01 06:08:16', '2019-01-01 06:08:16'),
(92, 101, '2018-05-09', '“কেন মু্ক্তিযোদ্ধ যাচাই বাছাইপূর্বক ব্যবস্থা গ্রহণের ক্ষেত্রে ৩নং রেসপনডেন্ট কর্তৃক ইস্যুকৃত ২০/০৭/২০১৭ তারিখের পরিপত্র নং ৪৮.০০.০০০০.০০৬.৩৪.০০১.১৭.৩২৭ যাহা ৩নং প্রতিপক্ষ কর্তৃক স্বাক্ষরিত এবং ইস্যুকৃত তাহা ২ নং দরখাস্তকারীর ক্ষেত্রে প্রতিপালন করার জন্য নির্দেশনা দেওয়া হইবে না, যিনি বাংলাদেশ গেজেটে তালিকাভু্ক্ত একজন মু্ক্তিযোদ্ধা এবং দরখাস্তকারীদের নাম চূড়ান্ত তালিকায় না থাকায় তাহাদের সম্মানী ভাতা বন্ধের কার্যক্রম আইনসঙ্গত কর্তৃত্ব ব্যতিরেকে এবং তাহার ও আইনগত ভিত্তি নাই মর্মে ঘোষণা করা হইবে না এবং দরখাস্তকারী আর যে সকল প্রতিকার পাইতে পারেন তাহারও আদেশ কেন দেওয়া হইবে না। “', '2019-01-08 03:48:18', '2019-01-08 03:48:18');

-- --------------------------------------------------------

--
-- Table structure for table `sf_details`
--

CREATE TABLE `sf_details` (
  `id` int(11) NOT NULL,
  `case_id` int(11) NOT NULL,
  `sf_recipient` int(11) NOT NULL,
  `sf_ministry` int(4) NOT NULL,
  `sf_dc_office` int(4) NOT NULL,
  `sf_uno_office` int(4) NOT NULL,
  `sf_issue_memo` varchar(100) CHARACTER SET utf8 NOT NULL,
  `sf_issue_date` date NOT NULL,
  `sf_receive_memo` varchar(100) CHARACTER SET utf8 NOT NULL,
  `sf_receive_date` date NOT NULL,
  `sf_sending_memo` varchar(100) CHARACTER SET utf8 NOT NULL,
  `sf_sending_date` date NOT NULL,
  `created_at` timestamp NOT NULL DEFAULT CURRENT_TIMESTAMP ON UPDATE CURRENT_TIMESTAMP,
  `updated_at` timestamp NOT NULL DEFAULT '0000-00-00 00:00:00'
) ENGINE=InnoDB DEFAULT CHARSET=latin1;

--
-- Dumping data for table `sf_details`
--

INSERT INTO `sf_details` (`id`, `case_id`, `sf_recipient`, `sf_ministry`, `sf_dc_office`, `sf_uno_office`, `sf_issue_memo`, `sf_issue_date`, `sf_receive_memo`, `sf_receive_date`, `sf_sending_memo`, `sf_sending_date`, `created_at`, `updated_at`) VALUES
(41, 42, 7, 0, 0, 0, '436', '2017-04-13', '', '2017-07-04', '346', '2017-08-10', '2018-07-05 05:05:16', '2018-07-05 05:05:16'),
(54, 51, 0, 0, 0, 0, '', '0000-00-00', '', '0000-00-00', '2222', '2018-07-03', '2018-07-20 10:24:58', '2018-07-20 10:24:58'),
(55, 52, 0, 0, 0, 0, '', '0000-00-00', '', '0000-00-00', '', '0000-00-00', '2018-07-20 11:52:29', '2018-07-20 11:52:29'),
(57, 54, 3, 0, 0, 0, '৩৭১', '2017-03-23', '৯৪২', '2017-07-30', '৭৬৩', '2017-08-10', '2018-07-22 03:52:25', '2018-07-22 03:52:25'),
(62, 55, 3, 0, 0, 0, '370', '2017-03-23', '973', '2017-08-06', '796', '2017-08-23', '2018-07-22 09:58:18', '2018-07-22 09:58:18'),
(67, 58, 3, 0, 0, 0, '২২৪', '2017-03-01', '৯৪৯', '2017-07-31', '', '0000-00-00', '2018-08-01 06:52:12', '2018-08-01 06:52:12'),
(73, 62, 0, 0, 0, 0, '', '0000-00-00', '', '0000-00-00', '', '0000-00-00', '2018-08-01 10:27:37', '2018-08-01 10:27:37'),
(74, 57, 3, 0, 0, 0, '২৬৪', '2017-03-08', '৯৭২', '2017-08-06', '৭৮৩', '2017-08-21', '2018-08-01 10:31:14', '2018-08-01 10:31:14'),
(75, 63, 3, 0, 0, 0, '১১৮', '2017-02-02', '৯৬৪', '2017-08-09', '৭৯৩', '2017-08-23', '2018-08-02 04:49:05', '2018-08-02 04:49:05'),
(76, 64, 3, 0, 0, 0, '১৬৪', '2017-02-16', '৯৭৪', '2017-08-09', '৭৯৪', '2017-08-23', '2018-08-05 03:41:59', '2018-08-05 03:41:59'),
(77, 65, 3, 0, 0, 0, '১৯৬', '2017-02-27', '৯৫৬(১)', '2017-08-06', '৮০৩', '2017-08-24', '2018-08-05 03:46:30', '2018-08-05 03:46:30'),
(78, 66, 3, 0, 0, 0, '৩৬৮', '2017-03-23', '৯১০', '2017-07-24', '৭৯৫', '2017-08-23', '2018-08-05 03:52:55', '2018-08-05 03:52:55'),
(79, 67, 0, 0, 0, 0, '', '0000-00-00', '', '0000-00-00', '', '0000-00-00', '2018-08-12 06:24:22', '2018-08-12 06:24:22'),
(80, 68, 4, 0, 0, 0, '831', '2017-09-06', '', '0000-00-00', '', '0000-00-00', '2018-08-12 06:32:53', '2018-08-12 06:32:53'),
(82, 70, 3, 0, 0, 0, '১০১', '2017-01-26', '১০৫২', '2017-08-27', '৮৩৩', '2017-09-06', '2018-08-12 08:30:08', '2018-08-12 08:30:08'),
(83, 71, 3, 0, 0, 0, '.৩৮৬', '2017-03-28', '১০৫৩', '2017-08-27', '৮২২', '2017-08-31', '2018-08-12 08:48:30', '2018-08-12 08:48:30'),
(84, 59, 3, 0, 0, 0, '১৯৯', '2017-02-28', '৯৫০', '2017-07-31', '৭৮১', '2017-08-21', '2018-08-20 02:38:37', '2018-08-20 02:38:37'),
(96, 60, 7, 0, 0, 470, '৭৯৯', '2017-08-24', '১০৪৩', '2017-09-20', '৯৫১', '2017-10-18', '2018-08-20 07:38:20', '2018-08-20 07:38:20'),
(97, 61, 6, 0, 41, 0, '820', '2017-08-31', '', '1970-01-01', '0', '1970-01-01', '2018-08-20 07:39:36', '2018-08-20 07:39:36'),
(98, 69, 8, 30, 0, 0, '৮৩৬', '2017-09-07', '', '1970-01-01', '0', '1970-01-01', '2018-08-20 07:41:39', '2018-08-20 07:41:39'),
(100, 53, 7, 0, 0, 361, '436', '2017-04-13', '346', '2017-07-03', '৭৬২(১)', '2017-08-10', '2018-08-20 09:09:49', '2018-08-20 09:09:49'),
(103, 72, 7, 0, 0, 1, '৬২৫', '2017-07-05', '', '0000-00-00', '৮৫৮', '2017-09-17', '2018-08-28 08:58:03', '2018-08-28 08:58:03'),
(104, 73, 3, 0, 0, 0, '৬২৮', '2018-07-10', '৯১২', '2017-07-25', '৭১৯', '2017-08-06', '2018-08-28 09:32:53', '2018-08-28 09:32:53'),
(105, 74, 7, 0, 0, 1, '৬৪৮', '2017-07-24', '', '0000-00-00', '১৪৯', '2018-06-26', '2018-08-28 09:44:20', '2018-08-28 09:44:20'),
(106, 75, 4, 0, 0, 0, '৬৭৯', '2017-07-24', '', '0000-00-00', '', '0000-00-00', '2018-08-28 10:13:43', '2018-08-28 10:13:43'),
(107, 76, 3, 0, 0, 0, '৬৮৬', '2017-07-24', '১০৬১', '2017-08-29', '৮৯৩', '2017-09-25', '2018-08-29 05:03:29', '2018-08-29 05:03:29'),
(108, 77, 3, 0, 0, 0, '৬৮৩', '2017-07-24', '২০৩৫', '2017-09-24', '৯০৪', '2017-10-03', '2018-08-29 05:10:14', '2018-08-29 05:10:14'),
(110, 78, 0, 0, 0, 0, '0', '0000-00-00', '', '0000-00-00', '0', '0000-00-00', '2018-08-29 05:57:41', '2018-08-29 05:57:41'),
(111, 79, 0, 0, 0, 0, '', '0000-00-00', '', '0000-00-00', '', '0000-00-00', '2018-08-29 06:00:07', '2018-08-29 06:00:07'),
(113, 80, 3, 0, 0, 0, '314', '2017-03-16', '891', '2017-07-20', '881', '2017-09-21', '2018-09-06 09:22:21', '2018-09-06 09:22:21'),
(114, 81, 3, 0, 0, 0, '৩২৪', '2017-03-19', '১০৩৭', '2017-08-20', '৮১১', '2017-08-28', '2018-09-06 09:32:28', '2018-09-06 09:32:28'),
(115, 82, 3, 0, 0, 0, '৬৫৯', '2017-07-12', '৯৬৬', '2017-08-09', '৮১২', '2017-08-28', '2018-09-06 09:46:08', '2018-09-06 09:46:08'),
(116, 83, 2, 0, 0, 0, '', '0000-00-00', '', '0000-00-00', '43', '2018-01-28', '2018-09-06 10:12:34', '2018-09-06 10:12:34'),
(123, 84, 7, 0, 0, 340, '৮৮৯', '2017-09-21', '১৪৬', '2018-02-25', '৫', '2018-07-02', '2018-09-10 07:19:41', '2018-09-10 07:19:41'),
(124, 85, 3, 0, 0, 0, '৮৭৭', '2017-09-21', '', '0000-00-00', '', '0000-00-00', '2018-09-10 08:57:51', '2018-09-10 08:57:51'),
(125, 86, 7, 0, 0, 331, '৮২', '2018-04-12', '১০৩৭', '2018-07-12', '২৫৫', '2018-08-30', '2018-09-10 09:04:55', '2018-09-10 09:04:55'),
(126, 87, 0, 0, 0, 0, '', '0000-00-00', '', '0000-00-00', '', '0000-00-00', '2018-09-10 09:19:09', '2018-09-10 09:19:09'),
(127, 88, 0, 0, 0, 0, '', '0000-00-00', '', '0000-00-00', '', '0000-00-00', '2018-09-10 09:34:52', '2018-09-10 09:34:52'),
(128, 89, 10, 0, 0, 0, '000', '2017-09-26', '000', '2017-10-04', '১১৪১', '2017-12-12', '2018-09-10 09:48:30', '2018-09-10 09:48:30'),
(129, 56, 4, 0, 0, 0, '২৩৮', '2017-03-02', '৯৬৫', '2017-08-03', '৭৮২', '2017-08-21', '2018-09-16 03:19:14', '2018-09-16 03:19:14'),
(134, 43, 0, 0, 0, 0, '0', '0000-00-00', '', '0000-00-00', '11111', '2018-07-31', '2018-10-21 03:56:19', '2018-10-21 03:56:19'),
(136, 90, 3, 0, 0, 312, '352', '2017-03-22', '959', '2017-08-02', '761', '2017-08-10', '2018-10-22 04:09:31', '2018-10-22 04:09:31'),
(138, 91, 2, 0, 0, 0, '48.00.0000.001.004.306.15-126', '2015-05-18', '', '0000-00-00', '0', '0000-00-00', '2019-01-01 03:54:10', '2019-01-01 03:54:10'),
(141, 94, 0, 0, 0, 0, '', '0000-00-00', '', '0000-00-00', '', '0000-00-00', '2019-01-01 04:48:09', '2019-01-01 04:48:09'),
(142, 95, 0, 0, 0, 0, '', '0000-00-00', '', '0000-00-00', '', '0000-00-00', '2019-01-01 04:59:58', '2019-01-01 04:59:58'),
(143, 92, 0, 0, 0, 0, '0', '0000-00-00', '', '0000-00-00', '0', '0000-00-00', '2019-01-01 05:21:25', '2019-01-01 05:21:25'),
(144, 96, 3, 0, 0, 0, '48.00.0000.001.004.319.2015-194', '2015-08-12', '', '0000-00-00', '', '0000-00-00', '2019-01-01 05:21:48', '2019-01-01 05:21:48'),
(145, 97, 0, 0, 0, 0, '', '0000-00-00', '', '0000-00-00', '', '0000-00-00', '2019-01-01 05:34:52', '2019-01-01 05:34:52'),
(146, 98, 0, 0, 0, 0, '', '0000-00-00', '', '0000-00-00', '', '0000-00-00', '2019-01-01 05:53:25', '2019-01-01 05:53:25'),
(147, 99, 6, 0, 42, 0, '48.00.0000.001.004.319.2015-322-193', '2015-08-12', '05.42.1300.028.04.005.05-821', '2015-11-09', '48.00.0000.001.004.322.2015-269', '2015-12-07', '2019-01-01 06:00:15', '2019-01-01 06:00:15'),
(148, 100, 0, 0, 0, 0, '', '0000-00-00', '', '0000-00-00', '', '0000-00-00', '2019-01-01 06:08:16', '2019-01-01 06:08:16'),
(149, 93, 2, 0, 0, 0, '48.00.0000.001.004.305.2015.133', '2015-05-24', '', '0000-00-00', '0', '0000-00-00', '2019-01-02 02:30:03', '2019-01-02 02:30:03'),
(150, 101, 3, 0, 0, 0, '৪৮.০০.০০০০.০০৭.০১.৩০২.১৮.৩৯৪', '1970-01-01', '৪৮.০২.০০০০.০০৫.০৪.২৭৬.১৮', '1970-01-01', '', '0000-00-00', '2019-01-08 03:48:19', '2019-01-08 03:48:19');

-- --------------------------------------------------------

--
-- Table structure for table `subject_types`
--

CREATE TABLE `subject_types` (
  `id` int(11) NOT NULL,
  `subject_type_bn` varchar(255) CHARACTER SET utf8 NOT NULL,
  `subject_type_en` varchar(100) NOT NULL
) ENGINE=InnoDB DEFAULT CHARSET=latin1;

--
-- Dumping data for table `subject_types`
--

INSERT INTO `subject_types` (`id`, `subject_type_bn`, `subject_type_en`) VALUES
(1, 'মুক্তিযোদ্ধা যাচাই-বাছাই কমিটি সংক্রান্ত', ''),
(2, 'মুক্তিযোদ্ধা সম্মানী ভাতা সংক্রান্ত', ''),
(3, 'পুনঃবাসন প্রকল্পে প্লট বরাদ্দ সংক্রান্ত', ''),
(4, 'মুক্তিযোদ্ধার গেজেট সংক্রান্ত', ''),
(5, 'মুক্তিযোদ্ধার সনদ সংক্রান্ত', ''),
(6, 'অন্যান্য', '');

-- --------------------------------------------------------

--
-- Table structure for table `upazilas`
--

CREATE TABLE `upazilas` (
  `id` int(10) UNSIGNED NOT NULL,
  `created_at` timestamp NULL DEFAULT NULL,
  `updated_at` timestamp NULL DEFAULT NULL
) ENGINE=InnoDB DEFAULT CHARSET=utf8mb4 COLLATE=utf8mb4_unicode_ci;

-- --------------------------------------------------------

--
-- Table structure for table `upazila_tbl`
--

CREATE TABLE `upazila_tbl` (
  `id` int(10) UNSIGNED NOT NULL,
  `upa_district_id` varchar(255) COLLATE utf8_unicode_ci NOT NULL,
  `name` varchar(255) COLLATE utf8_unicode_ci NOT NULL,
  `upa_bn_name` varchar(255) COLLATE utf8_unicode_ci NOT NULL,
  `created_at` timestamp NULL DEFAULT NULL,
  `updated_at` timestamp NULL DEFAULT NULL
) ENGINE=InnoDB DEFAULT CHARSET=utf8 COLLATE=utf8_unicode_ci;

--
-- Dumping data for table `upazila_tbl`
--

INSERT INTO `upazila_tbl` (`id`, `upa_district_id`, `name`, `upa_bn_name`, `created_at`, `updated_at`) VALUES
(1, '34', 'Amtali Upazila', 'আমতলী', '0000-00-00 00:00:00', '0000-00-00 00:00:00'),
(2, '34', 'Bamna Upazila', 'বামনা', '0000-00-00 00:00:00', '0000-00-00 00:00:00'),
(3, '34', 'Barguna Sadar Upazila', 'বরগুনা সদর', '0000-00-00 00:00:00', '0000-00-00 00:00:00'),
(4, '34', 'Betagi Upazila', 'বেতাগি', '0000-00-00 00:00:00', '0000-00-00 00:00:00'),
(5, '34', 'Patharghata Upazila', 'পাথরঘাটা', '0000-00-00 00:00:00', '0000-00-00 00:00:00'),
(6, '34', 'Taltali Upazila', 'তালতলী', '0000-00-00 00:00:00', '0000-00-00 00:00:00'),
(7, '35', 'Muladi Upazila', 'মুলাদি', '0000-00-00 00:00:00', '0000-00-00 00:00:00'),
(8, '35', 'Babuganj Upazila', 'বাবুগঞ্জ', '0000-00-00 00:00:00', '0000-00-00 00:00:00'),
(9, '35', 'Agailjhara Upazila', 'আগাইলঝরা', '0000-00-00 00:00:00', '0000-00-00 00:00:00'),
(10, '35', 'Barisal Sadar Upazila', 'বরিশাল সদর', '0000-00-00 00:00:00', '0000-00-00 00:00:00'),
(11, '35', 'Bakerganj Upazila', 'বাকেরগঞ্জ', '0000-00-00 00:00:00', '0000-00-00 00:00:00'),
(12, '35', 'Banaripara Upazila', 'বানাড়িপারা', '0000-00-00 00:00:00', '0000-00-00 00:00:00'),
(13, '35', 'Gaurnadi Upazila', 'গৌরনদী', '0000-00-00 00:00:00', '0000-00-00 00:00:00'),
(14, '35', 'Hizla Upazila', 'হিজলা', '0000-00-00 00:00:00', '0000-00-00 00:00:00'),
(15, '35', 'Mehendiganj Upazila', 'মেহেদিগঞ্জ ', '0000-00-00 00:00:00', '0000-00-00 00:00:00'),
(16, '35', 'Wazirpur Upazila', 'ওয়াজিরপুর', '0000-00-00 00:00:00', '0000-00-00 00:00:00'),
(17, '36', 'Bhola Sadar Upazila', 'ভোলা সদর', '0000-00-00 00:00:00', '0000-00-00 00:00:00'),
(18, '36', 'Burhanuddin Upazila', 'বুরহানউদ্দিন', '0000-00-00 00:00:00', '0000-00-00 00:00:00'),
(19, '36', 'Char Fasson Upazila', 'চর ফ্যাশন', '0000-00-00 00:00:00', '0000-00-00 00:00:00'),
(20, '36', 'Daulatkhan Upazila', 'দৌলতখান', '0000-00-00 00:00:00', '0000-00-00 00:00:00'),
(21, '36', 'Lalmohan Upazila', 'লালমোহন', '0000-00-00 00:00:00', '0000-00-00 00:00:00'),
(22, '36', 'Manpura Upazila', 'মনপুরা', '0000-00-00 00:00:00', '0000-00-00 00:00:00'),
(23, '36', 'Tazumuddin Upazila', 'তাজুমুদ্দিন', '0000-00-00 00:00:00', '0000-00-00 00:00:00'),
(24, '37', 'Jhalokati Sadar Upazila', 'ঝালকাঠি সদর', '0000-00-00 00:00:00', '0000-00-00 00:00:00'),
(25, '37', 'Kathalia Upazila', 'কাঁঠালিয়া', '0000-00-00 00:00:00', '0000-00-00 00:00:00'),
(26, '37', 'Nalchity Upazila', 'নালচিতি', '0000-00-00 00:00:00', '0000-00-00 00:00:00'),
(27, '37', 'Rajapur Upazila', 'রাজাপুর', '0000-00-00 00:00:00', '0000-00-00 00:00:00'),
(28, '38', 'Bauphal Upazila', 'বাউফল', '0000-00-00 00:00:00', '0000-00-00 00:00:00'),
(29, '38', 'Dashmina Upazila', 'দশমিনা', '0000-00-00 00:00:00', '0000-00-00 00:00:00'),
(30, '38', 'Galachipa Upazila', 'গলাচিপা', '0000-00-00 00:00:00', '0000-00-00 00:00:00'),
(31, '38', 'Kalapara Upazila', 'কালাপারা', '0000-00-00 00:00:00', '0000-00-00 00:00:00'),
(32, '38', 'Mirzaganj Upazila', 'মির্জাগঞ্জ ', '0000-00-00 00:00:00', '0000-00-00 00:00:00'),
(33, '38', 'Patuakhali Sadar Upazila', 'পটুয়াখালী সদর', '0000-00-00 00:00:00', '0000-00-00 00:00:00'),
(34, '38', 'Dumki Upazila', 'ডুমকি', '0000-00-00 00:00:00', '0000-00-00 00:00:00'),
(35, '38', 'Rangabali Upazila', 'রাঙ্গাবালি', '0000-00-00 00:00:00', '0000-00-00 00:00:00'),
(36, '39', 'Bhandaria', 'ভ্যান্ডারিয়া', '0000-00-00 00:00:00', '0000-00-00 00:00:00'),
(37, '39', 'Kaukhali', 'কাউখালি', '0000-00-00 00:00:00', '0000-00-00 00:00:00'),
(38, '39', 'Mathbaria', 'মাঠবাড়িয়া', '0000-00-00 00:00:00', '0000-00-00 00:00:00'),
(39, '39', 'Nazirpur', 'নাজিরপুর', '0000-00-00 00:00:00', '0000-00-00 00:00:00'),
(40, '39', 'Nesarabad', 'নেসারাবাদ', '0000-00-00 00:00:00', '0000-00-00 00:00:00'),
(41, '39', 'Pirojpur Sadar', 'পিরোজপুর সদর', '0000-00-00 00:00:00', '0000-00-00 00:00:00'),
(42, '39', 'Zianagar', 'জিয়ানগর', '0000-00-00 00:00:00', '0000-00-00 00:00:00'),
(43, '40', 'Bandarban Sadar', 'বান্দরবন সদর', '0000-00-00 00:00:00', '0000-00-00 00:00:00'),
(44, '40', 'Thanchi', 'থানচি', '0000-00-00 00:00:00', '0000-00-00 00:00:00'),
(45, '40', 'Lama', 'লামা', '0000-00-00 00:00:00', '0000-00-00 00:00:00'),
(46, '40', 'Naikhongchhari', 'নাইখংছড়ি ', '0000-00-00 00:00:00', '0000-00-00 00:00:00'),
(47, '40', 'Ali kadam', 'আলী কদম', '0000-00-00 00:00:00', '0000-00-00 00:00:00'),
(48, '40', 'Rowangchhari', 'রউয়াংছড়ি ', '0000-00-00 00:00:00', '0000-00-00 00:00:00'),
(49, '40', 'Ruma', 'রুমা', '0000-00-00 00:00:00', '0000-00-00 00:00:00'),
(50, '41', 'Brahmanbaria Sadar Upazila', 'ব্রাহ্মণবাড়িয়া সদর', '0000-00-00 00:00:00', '0000-00-00 00:00:00'),
(51, '41', 'Ashuganj Upazila', 'আশুগঞ্জ', '0000-00-00 00:00:00', '0000-00-00 00:00:00'),
(52, '41', 'Nasirnagar Upazila', 'নাসির নগর', '0000-00-00 00:00:00', '0000-00-00 00:00:00'),
(53, '41', 'Nabinagar Upazila', 'নবীনগর', '0000-00-00 00:00:00', '0000-00-00 00:00:00'),
(54, '41', 'Sarail Upazila', 'সরাইল', '0000-00-00 00:00:00', '0000-00-00 00:00:00'),
(55, '41', 'Shahbazpur Town', 'শাহবাজপুর টাউন', '0000-00-00 00:00:00', '0000-00-00 00:00:00'),
(56, '41', 'Kasba Upazila', 'কসবা', '0000-00-00 00:00:00', '0000-00-00 00:00:00'),
(57, '41', 'Akhaura Upazila', 'আখাউরা', '0000-00-00 00:00:00', '0000-00-00 00:00:00'),
(58, '41', 'Bancharampur Upazila', 'বাঞ্ছারামপুর', '0000-00-00 00:00:00', '0000-00-00 00:00:00'),
(59, '41', 'Bijoynagar Upazila', 'বিজয় নগর', '0000-00-00 00:00:00', '0000-00-00 00:00:00'),
(60, '42', 'Chandpur Sadar', 'চাঁদপুর সদর', '0000-00-00 00:00:00', '0000-00-00 00:00:00'),
(61, '42', 'Faridganj', 'ফরিদগঞ্জ', '0000-00-00 00:00:00', '0000-00-00 00:00:00'),
(62, '42', 'Haimchar', 'হাইমচর', '0000-00-00 00:00:00', '0000-00-00 00:00:00'),
(63, '42', 'Haziganj', 'হাজীগঞ্জ', '0000-00-00 00:00:00', '0000-00-00 00:00:00'),
(64, '42', 'Kachua', 'কচুয়া', '0000-00-00 00:00:00', '0000-00-00 00:00:00'),
(65, '42', 'Matlab Uttar', 'মতলব উত্তর', '0000-00-00 00:00:00', '0000-00-00 00:00:00'),
(66, '42', 'Matlab Dakkhin', 'মতলব দক্ষিণ', '0000-00-00 00:00:00', '0000-00-00 00:00:00'),
(67, '42', 'Shahrasti', 'শাহরাস্তি', '0000-00-00 00:00:00', '0000-00-00 00:00:00'),
(68, '43', 'Anwara Upazila', 'আনোয়ারা', '0000-00-00 00:00:00', '0000-00-00 00:00:00'),
(69, '43', 'Banshkhali Upazila', 'বাশখালি', '0000-00-00 00:00:00', '0000-00-00 00:00:00'),
(70, '43', 'Boalkhali Upazila', 'বোয়ালখালি', '0000-00-00 00:00:00', '0000-00-00 00:00:00'),
(71, '43', 'Chandanaish Upazila', 'চন্দনাইশ', '0000-00-00 00:00:00', '0000-00-00 00:00:00'),
(72, '43', 'Fatikchhari Upazila', 'ফটিকছড়ি', '0000-00-00 00:00:00', '0000-00-00 00:00:00'),
(73, '43', 'Hathazari Upazila', 'হাঠহাজারী', '0000-00-00 00:00:00', '0000-00-00 00:00:00'),
(74, '43', 'Lohagara Upazila', 'লোহাগারা', '0000-00-00 00:00:00', '0000-00-00 00:00:00'),
(75, '43', 'Mirsharai Upazila', 'মিরসরাই', '0000-00-00 00:00:00', '0000-00-00 00:00:00'),
(76, '43', 'Patiya Upazila', 'পটিয়া', '0000-00-00 00:00:00', '0000-00-00 00:00:00'),
(77, '43', 'Rangunia Upazila', 'রাঙ্গুনিয়া', '0000-00-00 00:00:00', '0000-00-00 00:00:00'),
(78, '43', 'Raozan Upazila', 'রাউজান', '0000-00-00 00:00:00', '0000-00-00 00:00:00'),
(79, '43', 'Sandwip Upazila', 'সন্দ্বীপ', '0000-00-00 00:00:00', '0000-00-00 00:00:00'),
(80, '43', 'Satkania Upazila', 'সাতকানিয়া', '0000-00-00 00:00:00', '0000-00-00 00:00:00'),
(81, '43', 'Sitakunda Upazila', 'সীতাকুণ্ড', '0000-00-00 00:00:00', '0000-00-00 00:00:00'),
(82, '44', 'Barura Upazila', 'বড়ুরা', '0000-00-00 00:00:00', '0000-00-00 00:00:00'),
(83, '44', 'Brahmanpara Upazila', 'ব্রাহ্মণপাড়া', '0000-00-00 00:00:00', '0000-00-00 00:00:00'),
(84, '44', 'Burichong Upazila', 'বুড়িচং', '0000-00-00 00:00:00', '0000-00-00 00:00:00'),
(85, '44', 'Chandina Upazila', 'চান্দিনা', '0000-00-00 00:00:00', '0000-00-00 00:00:00'),
(86, '44', 'Chauddagram Upazila', 'চৌদ্দগ্রাম', '0000-00-00 00:00:00', '0000-00-00 00:00:00'),
(87, '44', 'Daudkandi Upazila', 'দাউদকান্দি', '0000-00-00 00:00:00', '0000-00-00 00:00:00'),
(88, '44', 'Debidwar Upazila', 'দেবীদ্বার', '0000-00-00 00:00:00', '0000-00-00 00:00:00'),
(89, '44', 'Homna Upazila', 'হোমনা', '0000-00-00 00:00:00', '0000-00-00 00:00:00'),
(90, '44', 'Comilla Sadar Upazila', 'কুমিল্লা সদর', '0000-00-00 00:00:00', '0000-00-00 00:00:00'),
(91, '44', 'Laksam Upazila', 'লাকসাম', '0000-00-00 00:00:00', '0000-00-00 00:00:00'),
(92, '44', 'Monohorgonj Upazila', 'মনোহরগঞ্জ', '0000-00-00 00:00:00', '0000-00-00 00:00:00'),
(93, '44', 'Meghna Upazila', 'মেঘনা', '0000-00-00 00:00:00', '0000-00-00 00:00:00'),
(94, '44', 'Muradnagar Upazila', 'মুরাদনগর', '0000-00-00 00:00:00', '0000-00-00 00:00:00'),
(95, '44', 'Nangalkot Upazila', 'নাঙ্গালকোট', '0000-00-00 00:00:00', '0000-00-00 00:00:00'),
(96, '44', 'Comilla Sadar South Upazila', 'কুমিল্লা সদর দক্ষিণ', '0000-00-00 00:00:00', '0000-00-00 00:00:00'),
(97, '44', 'Titas Upazila', 'তিতাস', '0000-00-00 00:00:00', '0000-00-00 00:00:00'),
(98, '45', 'Chakaria Upazila', 'চকরিয়া', '0000-00-00 00:00:00', '0000-00-00 00:00:00'),
(99, '45', 'Chakaria Upazila', 'চকরিয়া', '0000-00-00 00:00:00', '0000-00-00 00:00:00'),
(100, '45', 'Cox\'s Bazar Sadar Upazila', 'কক্স বাজার সদর', '0000-00-00 00:00:00', '0000-00-00 00:00:00'),
(101, '45', 'Kutubdia Upazila', 'কুতুবদিয়া', '0000-00-00 00:00:00', '0000-00-00 00:00:00'),
(102, '45', 'Maheshkhali Upazila', 'মহেশখালী', '0000-00-00 00:00:00', '0000-00-00 00:00:00'),
(103, '45', 'Ramu Upazila', 'রামু', '0000-00-00 00:00:00', '0000-00-00 00:00:00'),
(104, '45', 'Teknaf Upazila', 'টেকনাফ', '0000-00-00 00:00:00', '0000-00-00 00:00:00'),
(105, '45', 'Ukhia Upazila', 'উখিয়া', '0000-00-00 00:00:00', '0000-00-00 00:00:00'),
(106, '45', 'Pekua Upazila', 'পেকুয়া', '0000-00-00 00:00:00', '0000-00-00 00:00:00'),
(107, '46', 'Feni Sadar', 'ফেনী সদর', '0000-00-00 00:00:00', '0000-00-00 00:00:00'),
(108, '46', 'Chagalnaiya', 'ছাগল নাইয়া', '0000-00-00 00:00:00', '0000-00-00 00:00:00'),
(109, '46', 'Daganbhyan', 'দাগানভিয়া', '0000-00-00 00:00:00', '0000-00-00 00:00:00'),
(110, '46', 'Parshuram', 'পরশুরাম', '0000-00-00 00:00:00', '0000-00-00 00:00:00'),
(111, '46', 'Fhulgazi', 'ফুলগাজি', '0000-00-00 00:00:00', '0000-00-00 00:00:00'),
(112, '46', 'Sonagazi', 'সোনাগাজি', '0000-00-00 00:00:00', '0000-00-00 00:00:00'),
(113, '47', 'Dighinala Upazila', 'দিঘিনালা ', '0000-00-00 00:00:00', '0000-00-00 00:00:00'),
(114, '47', 'Khagrachhari Upazila', 'খাগড়াছড়ি', '0000-00-00 00:00:00', '0000-00-00 00:00:00'),
(115, '47', 'Lakshmichhari Upazila', 'লক্ষ্মীছড়ি', '0000-00-00 00:00:00', '0000-00-00 00:00:00'),
(116, '47', 'Mahalchhari Upazila', 'মহলছড়ি', '0000-00-00 00:00:00', '0000-00-00 00:00:00'),
(117, '47', 'Manikchhari Upazila', 'মানিকছড়ি', '0000-00-00 00:00:00', '0000-00-00 00:00:00'),
(118, '47', 'Matiranga Upazila', 'মাটিরাঙ্গা', '0000-00-00 00:00:00', '0000-00-00 00:00:00'),
(119, '47', 'Panchhari Upazila', 'পানছড়ি', '0000-00-00 00:00:00', '0000-00-00 00:00:00'),
(120, '47', 'Ramgarh Upazila', 'রামগড়', '0000-00-00 00:00:00', '0000-00-00 00:00:00'),
(121, '48', 'Lakshmipur Sadar Upazila', 'লক্ষ্মীপুর সদর', '0000-00-00 00:00:00', '0000-00-00 00:00:00'),
(122, '48', 'Raipur Upazila', 'রায়পুর', '0000-00-00 00:00:00', '0000-00-00 00:00:00'),
(123, '48', 'Ramganj Upazila', 'রামগঞ্জ', '0000-00-00 00:00:00', '0000-00-00 00:00:00'),
(124, '48', 'Ramgati Upazila', 'রামগতি', '0000-00-00 00:00:00', '0000-00-00 00:00:00'),
(125, '48', 'Komol Nagar Upazila', 'কমল নগর', '0000-00-00 00:00:00', '0000-00-00 00:00:00'),
(126, '49', 'Noakhali Sadar Upazila', 'নোয়াখালী সদর', '0000-00-00 00:00:00', '0000-00-00 00:00:00'),
(127, '49', 'Begumganj Upazila', 'বেগমগঞ্জ', '0000-00-00 00:00:00', '0000-00-00 00:00:00'),
(128, '49', 'Chatkhil Upazila', 'চাটখিল', '0000-00-00 00:00:00', '0000-00-00 00:00:00'),
(129, '49', 'Companyganj Upazila', 'কোম্পানীগঞ্জ', '0000-00-00 00:00:00', '0000-00-00 00:00:00'),
(130, '49', 'Shenbag Upazila', 'শেনবাগ', '0000-00-00 00:00:00', '0000-00-00 00:00:00'),
(131, '49', 'Hatia Upazila', 'হাতিয়া', '0000-00-00 00:00:00', '0000-00-00 00:00:00'),
(132, '49', 'Kobirhat Upazila', 'কবিরহাট ', '0000-00-00 00:00:00', '0000-00-00 00:00:00'),
(133, '49', 'Sonaimuri Upazila', 'সোনাইমুরি', '0000-00-00 00:00:00', '0000-00-00 00:00:00'),
(134, '49', 'Suborno Char Upazila', 'সুবর্ণ চর ', '0000-00-00 00:00:00', '0000-00-00 00:00:00'),
(135, '50', 'Rangamati Sadar Upazila', 'রাঙ্গামাটি সদর', '0000-00-00 00:00:00', '0000-00-00 00:00:00'),
(136, '50', 'Belaichhari Upazila', 'বেলাইছড়ি', '0000-00-00 00:00:00', '0000-00-00 00:00:00'),
(137, '50', 'Bagaichhari Upazila', 'বাঘাইছড়ি', '0000-00-00 00:00:00', '0000-00-00 00:00:00'),
(138, '50', 'Barkal Upazila', 'বরকল', '0000-00-00 00:00:00', '0000-00-00 00:00:00'),
(139, '50', 'Juraichhari Upazila', 'জুরাইছড়ি', '0000-00-00 00:00:00', '0000-00-00 00:00:00'),
(140, '50', 'Rajasthali Upazila', 'রাজাস্থলি', '0000-00-00 00:00:00', '0000-00-00 00:00:00'),
(141, '50', 'Kaptai Upazila', 'কাপ্তাই', '0000-00-00 00:00:00', '0000-00-00 00:00:00'),
(142, '50', 'Langadu Upazila', 'লাঙ্গাডু', '0000-00-00 00:00:00', '0000-00-00 00:00:00'),
(143, '50', 'Nannerchar Upazila', 'নান্নেরচর ', '0000-00-00 00:00:00', '0000-00-00 00:00:00'),
(144, '50', 'Kaukhali Upazila', 'কাউখালি', '0000-00-00 00:00:00', '0000-00-00 00:00:00'),
(145, '1', 'Dhamrai Upazila', 'ধামরাই', '0000-00-00 00:00:00', '0000-00-00 00:00:00'),
(146, '1', 'Dohar Upazila', 'দোহার', '0000-00-00 00:00:00', '0000-00-00 00:00:00'),
(147, '1', 'Keraniganj Upazila', 'কেরানীগঞ্জ', '0000-00-00 00:00:00', '0000-00-00 00:00:00'),
(148, '1', 'Nawabganj Upazila', 'নবাবগঞ্জ', '0000-00-00 00:00:00', '0000-00-00 00:00:00'),
(149, '1', 'Savar Upazila', 'সাভার', '0000-00-00 00:00:00', '0000-00-00 00:00:00'),
(150, '2', 'Faridpur Sadar Upazila', 'ফরিদপুর সদর', '0000-00-00 00:00:00', '0000-00-00 00:00:00'),
(151, '2', 'Boalmari Upazila', 'বোয়ালমারী', '0000-00-00 00:00:00', '0000-00-00 00:00:00'),
(152, '2', 'Alfadanga Upazila', 'আলফাডাঙ্গা', '0000-00-00 00:00:00', '0000-00-00 00:00:00'),
(153, '2', 'Madhukhali Upazila', 'মধুখালি', '0000-00-00 00:00:00', '0000-00-00 00:00:00'),
(154, '2', 'Bhanga Upazila', 'ভাঙ্গা', '0000-00-00 00:00:00', '0000-00-00 00:00:00'),
(155, '2', 'Nagarkanda Upazila', 'নগরকান্ড', '0000-00-00 00:00:00', '0000-00-00 00:00:00'),
(156, '2', 'Charbhadrasan Upazila', 'চরভদ্রাসন ', '0000-00-00 00:00:00', '0000-00-00 00:00:00'),
(157, '2', 'Sadarpur Upazila', 'সদরপুর', '0000-00-00 00:00:00', '0000-00-00 00:00:00'),
(158, '2', 'Shaltha Upazila', 'শালথা', '0000-00-00 00:00:00', '0000-00-00 00:00:00'),
(159, '3', 'Gazipur Sadar-Joydebpur', 'গাজীপুর সদর', '0000-00-00 00:00:00', '0000-00-00 00:00:00'),
(160, '3', 'Kaliakior', 'কালিয়াকৈর', '0000-00-00 00:00:00', '0000-00-00 00:00:00'),
(161, '3', 'Kapasia', 'কাপাসিয়া', '0000-00-00 00:00:00', '0000-00-00 00:00:00'),
(162, '3', 'Sripur', 'শ্রীপুর', '0000-00-00 00:00:00', '0000-00-00 00:00:00'),
(163, '3', 'Kaliganj', 'কালীগঞ্জ', '0000-00-00 00:00:00', '0000-00-00 00:00:00'),
(164, '3', 'Tongi', 'টঙ্গি', '0000-00-00 00:00:00', '0000-00-00 00:00:00'),
(165, '4', 'Gopalganj Sadar Upazila', 'গোপালগঞ্জ সদর', '0000-00-00 00:00:00', '0000-00-00 00:00:00'),
(166, '4', 'Kashiani Upazila', 'কাশিয়ানি', '0000-00-00 00:00:00', '0000-00-00 00:00:00'),
(167, '4', 'Kotalipara Upazila', 'কোটালিপাড়া', '0000-00-00 00:00:00', '0000-00-00 00:00:00'),
(168, '4', 'Muksudpur Upazila', 'মুকসুদপুর', '0000-00-00 00:00:00', '0000-00-00 00:00:00'),
(169, '4', 'Tungipara Upazila', 'টুঙ্গিপাড়া', '0000-00-00 00:00:00', '0000-00-00 00:00:00'),
(170, '5', 'Dewanganj Upazila', 'দেওয়ানগঞ্জ', '0000-00-00 00:00:00', '0000-00-00 00:00:00'),
(171, '5', 'Baksiganj Upazila', 'বকসিগঞ্জ', '0000-00-00 00:00:00', '0000-00-00 00:00:00'),
(172, '5', 'Islampur Upazila', 'ইসলামপুর', '0000-00-00 00:00:00', '0000-00-00 00:00:00'),
(173, '5', 'Jamalpur Sadar Upazila', 'জামালপুর সদর', '0000-00-00 00:00:00', '0000-00-00 00:00:00'),
(174, '5', 'Madarganj Upazila', 'মাদারগঞ্জ', '0000-00-00 00:00:00', '0000-00-00 00:00:00'),
(175, '5', 'Melandaha Upazila', 'মেলানদাহা', '0000-00-00 00:00:00', '0000-00-00 00:00:00'),
(176, '5', 'Sarishabari Upazila', 'সরিষাবাড়ি ', '0000-00-00 00:00:00', '0000-00-00 00:00:00'),
(177, '5', 'Narundi Police I.C', 'নারুন্দি', '0000-00-00 00:00:00', '0000-00-00 00:00:00'),
(178, '6', 'Astagram Upazila', 'অষ্টগ্রাম', '0000-00-00 00:00:00', '0000-00-00 00:00:00'),
(179, '6', 'Bajitpur Upazila', 'বাজিতপুর', '0000-00-00 00:00:00', '0000-00-00 00:00:00'),
(180, '6', 'Bhairab Upazila', 'ভৈরব', '0000-00-00 00:00:00', '0000-00-00 00:00:00'),
(181, '6', 'Hossainpur Upazila', 'হোসেনপুর ', '0000-00-00 00:00:00', '0000-00-00 00:00:00'),
(182, '6', 'Itna Upazila', 'ইটনা', '0000-00-00 00:00:00', '0000-00-00 00:00:00'),
(183, '6', 'Karimganj Upazila', 'করিমগঞ্জ', '0000-00-00 00:00:00', '0000-00-00 00:00:00'),
(184, '6', 'Katiadi Upazila', 'কতিয়াদি', '0000-00-00 00:00:00', '0000-00-00 00:00:00'),
(185, '6', 'Kishoreganj Sadar Upazila', 'কিশোরগঞ্জ সদর', '0000-00-00 00:00:00', '0000-00-00 00:00:00'),
(186, '6', 'Kuliarchar Upazila', 'কুলিয়ারচর', '0000-00-00 00:00:00', '0000-00-00 00:00:00'),
(187, '6', 'Mithamain Upazila', 'মিঠামাইন', '0000-00-00 00:00:00', '0000-00-00 00:00:00'),
(188, '6', 'Nikli Upazila', 'নিকলি', '0000-00-00 00:00:00', '0000-00-00 00:00:00'),
(189, '6', 'Pakundia Upazila', 'পাকুন্ডা', '0000-00-00 00:00:00', '0000-00-00 00:00:00'),
(190, '6', 'Tarail Upazila', 'তাড়াইল', '0000-00-00 00:00:00', '0000-00-00 00:00:00'),
(191, '7', 'Madaripur Sadar', 'মাদারীপুর সদর', '0000-00-00 00:00:00', '0000-00-00 00:00:00'),
(192, '7', 'Kalkini', 'কালকিনি', '0000-00-00 00:00:00', '0000-00-00 00:00:00'),
(193, '7', 'Rajoir', 'রাজইর', '0000-00-00 00:00:00', '0000-00-00 00:00:00'),
(194, '7', 'Shibchar', 'শিবচর', '0000-00-00 00:00:00', '0000-00-00 00:00:00'),
(195, '8', 'Manikganj Sadar Upazila', 'মানিকগঞ্জ সদর', '0000-00-00 00:00:00', '0000-00-00 00:00:00'),
(196, '8', 'Singair Upazila', 'সিঙ্গাইর', '0000-00-00 00:00:00', '0000-00-00 00:00:00'),
(197, '8', 'Shibalaya Upazila', 'শিবালয়', '0000-00-00 00:00:00', '0000-00-00 00:00:00'),
(198, '8', 'Saturia Upazila', 'সাঠুরিয়া', '0000-00-00 00:00:00', '0000-00-00 00:00:00'),
(199, '8', 'Harirampur Upazila', 'হরিরামপুর', '0000-00-00 00:00:00', '0000-00-00 00:00:00'),
(200, '8', 'Ghior Upazila', 'ঘিওর', '0000-00-00 00:00:00', '0000-00-00 00:00:00'),
(201, '8', 'Daulatpur Upazila', 'দৌলতপুর', '0000-00-00 00:00:00', '0000-00-00 00:00:00'),
(202, '9', 'Lohajang Upazila', 'লোহাজং', '0000-00-00 00:00:00', '0000-00-00 00:00:00'),
(203, '9', 'Sreenagar Upazila', 'শ্রীনগর', '0000-00-00 00:00:00', '0000-00-00 00:00:00'),
(204, '9', 'Munshiganj Sadar Upazila', 'মুন্সিগঞ্জ সদর', '0000-00-00 00:00:00', '0000-00-00 00:00:00'),
(205, '9', 'Sirajdikhan Upazila', 'সিরাজদিখান', '0000-00-00 00:00:00', '0000-00-00 00:00:00'),
(206, '9', 'Tongibari Upazila', 'টঙ্গিবাড়ি', '0000-00-00 00:00:00', '0000-00-00 00:00:00'),
(207, '9', 'Gazaria Upazila', 'গজারিয়া', '0000-00-00 00:00:00', '0000-00-00 00:00:00'),
(208, '10', 'Bhaluka', 'ভালুকা', '0000-00-00 00:00:00', '0000-00-00 00:00:00'),
(209, '10', 'Trishal', 'ত্রিশাল', '0000-00-00 00:00:00', '0000-00-00 00:00:00'),
(210, '10', 'Haluaghat', 'হালুয়াঘাট', '0000-00-00 00:00:00', '0000-00-00 00:00:00'),
(211, '10', 'Muktagachha', 'মুক্তাগাছা', '0000-00-00 00:00:00', '0000-00-00 00:00:00'),
(212, '10', 'Dhobaura', 'ধবারুয়া', '0000-00-00 00:00:00', '0000-00-00 00:00:00'),
(213, '10', 'Fulbaria', 'ফুলবাড়িয়া', '0000-00-00 00:00:00', '0000-00-00 00:00:00'),
(214, '10', 'Gaffargaon', 'গফরগাঁও', '0000-00-00 00:00:00', '0000-00-00 00:00:00'),
(215, '10', 'Gauripur', 'গৌরিপুর', '0000-00-00 00:00:00', '0000-00-00 00:00:00'),
(216, '10', 'Ishwarganj', 'ঈশ্বরগঞ্জ', '0000-00-00 00:00:00', '0000-00-00 00:00:00'),
(217, '10', 'Mymensingh Sadar', 'ময়মনসিং সদর', '0000-00-00 00:00:00', '0000-00-00 00:00:00'),
(218, '10', 'Nandail', 'নন্দাইল', '0000-00-00 00:00:00', '0000-00-00 00:00:00'),
(219, '10', 'Phulpur', 'ফুলপুর', '0000-00-00 00:00:00', '0000-00-00 00:00:00'),
(220, '11', 'Araihazar Upazila', 'আড়াইহাজার', '0000-00-00 00:00:00', '0000-00-00 00:00:00'),
(221, '11', 'Sonargaon Upazila', 'সোনারগাঁও', '0000-00-00 00:00:00', '0000-00-00 00:00:00'),
(222, '11', 'Bandar', 'বান্দার', '0000-00-00 00:00:00', '0000-00-00 00:00:00'),
(223, '11', 'Naryanganj Sadar Upazila', 'নারায়ানগঞ্জ সদর', '0000-00-00 00:00:00', '0000-00-00 00:00:00'),
(224, '11', 'Rupganj Upazila', 'রূপগঞ্জ', '0000-00-00 00:00:00', '0000-00-00 00:00:00'),
(225, '11', 'Siddirgonj Upazila', 'সিদ্ধিরগঞ্জ', '0000-00-00 00:00:00', '0000-00-00 00:00:00'),
(226, '12', 'Belabo Upazila', 'বেলাবো', '0000-00-00 00:00:00', '0000-00-00 00:00:00'),
(227, '12', 'Monohardi Upazila', 'মনোহরদি', '0000-00-00 00:00:00', '0000-00-00 00:00:00'),
(228, '12', 'Narsingdi Sadar Upazila', 'নরসিংদী সদর', '0000-00-00 00:00:00', '0000-00-00 00:00:00'),
(229, '12', 'Palash Upazila', 'পলাশ', '0000-00-00 00:00:00', '0000-00-00 00:00:00'),
(230, '12', 'Raipura Upazila, Narsingdi', 'রায়পুর', '0000-00-00 00:00:00', '0000-00-00 00:00:00'),
(231, '12', 'Shibpur Upazila', 'শিবপুর', '0000-00-00 00:00:00', '0000-00-00 00:00:00'),
(232, '13', 'Kendua Upazilla', 'কেন্দুয়া', '0000-00-00 00:00:00', '0000-00-00 00:00:00'),
(233, '13', 'Atpara Upazilla', 'আটপাড়া', '0000-00-00 00:00:00', '0000-00-00 00:00:00'),
(234, '13', 'Barhatta Upazilla', 'বরহাট্টা', '0000-00-00 00:00:00', '0000-00-00 00:00:00'),
(235, '13', 'Durgapur Upazilla', 'দুর্গাপুর', '0000-00-00 00:00:00', '0000-00-00 00:00:00'),
(236, '13', 'Kalmakanda Upazilla', 'কলমাকান্দা', '0000-00-00 00:00:00', '0000-00-00 00:00:00'),
(237, '13', 'Madan Upazilla', 'মদন', '0000-00-00 00:00:00', '0000-00-00 00:00:00'),
(238, '13', 'Mohanganj Upazilla', 'মোহনগঞ্জ', '0000-00-00 00:00:00', '0000-00-00 00:00:00'),
(239, '13', 'Netrakona-S Upazilla', 'নেত্রকোনা সদর', '0000-00-00 00:00:00', '0000-00-00 00:00:00'),
(240, '13', 'Purbadhala Upazilla', 'পূর্বধলা', '0000-00-00 00:00:00', '0000-00-00 00:00:00'),
(241, '13', 'Khaliajuri Upazilla', 'খালিয়াজুরি', '0000-00-00 00:00:00', '0000-00-00 00:00:00'),
(242, '14', 'Baliakandi Upazila', 'বালিয়াকান্দি', '0000-00-00 00:00:00', '0000-00-00 00:00:00'),
(243, '14', 'Goalandaghat Upazila', 'গোয়ালন্দ ঘাট', '0000-00-00 00:00:00', '0000-00-00 00:00:00'),
(244, '14', 'Pangsha Upazila', 'পাংশা', '0000-00-00 00:00:00', '0000-00-00 00:00:00'),
(245, '14', 'Kalukhali Upazila', 'কালুখালি', '0000-00-00 00:00:00', '0000-00-00 00:00:00'),
(246, '14', 'Rajbari Sadar Upazila', 'রাজবাড়ি সদর', '0000-00-00 00:00:00', '0000-00-00 00:00:00'),
(247, '15', 'Shariatpur Sadar -Palong', 'শরীয়তপুর সদর ', '0000-00-00 00:00:00', '0000-00-00 00:00:00'),
(248, '15', 'Damudya Upazila', 'দামুদিয়া', '0000-00-00 00:00:00', '0000-00-00 00:00:00'),
(249, '15', 'Naria Upazila', 'নড়িয়া', '0000-00-00 00:00:00', '0000-00-00 00:00:00'),
(250, '15', 'Jajira Upazila', 'জাজিরা', '0000-00-00 00:00:00', '0000-00-00 00:00:00'),
(251, '15', 'Bhedarganj Upazila', 'ভেদারগঞ্জ', '0000-00-00 00:00:00', '0000-00-00 00:00:00'),
(252, '15', 'Gosairhat Upazila', 'গোসাইর হাট ', '0000-00-00 00:00:00', '0000-00-00 00:00:00'),
(253, '16', 'Jhenaigati Upazila', 'ঝিনাইগাতি', '0000-00-00 00:00:00', '0000-00-00 00:00:00'),
(254, '16', 'Nakla Upazila', 'নাকলা', '0000-00-00 00:00:00', '0000-00-00 00:00:00'),
(255, '16', 'Nalitabari Upazila', 'নালিতাবাড়ি', '0000-00-00 00:00:00', '0000-00-00 00:00:00'),
(256, '16', 'Sherpur Sadar Upazila', 'শেরপুর সদর', '0000-00-00 00:00:00', '0000-00-00 00:00:00'),
(257, '16', 'Sreebardi Upazila', 'শ্রীবরদি', '0000-00-00 00:00:00', '0000-00-00 00:00:00'),
(258, '17', 'Tangail Sadar Upazila', 'টাঙ্গাইল সদর', '0000-00-00 00:00:00', '0000-00-00 00:00:00'),
(259, '17', 'Sakhipur Upazila', 'সখিপুর', '0000-00-00 00:00:00', '0000-00-00 00:00:00'),
(260, '17', 'Basail Upazila', 'বসাইল', '0000-00-00 00:00:00', '0000-00-00 00:00:00'),
(261, '17', 'Madhupur Upazila', 'মধুপুর', '0000-00-00 00:00:00', '0000-00-00 00:00:00'),
(262, '17', 'Ghatail Upazila', 'ঘাটাইল', '0000-00-00 00:00:00', '0000-00-00 00:00:00'),
(263, '17', 'Kalihati Upazila', 'কালিহাতি', '0000-00-00 00:00:00', '0000-00-00 00:00:00'),
(264, '17', 'Nagarpur Upazila', 'নগরপুর', '0000-00-00 00:00:00', '0000-00-00 00:00:00'),
(265, '17', 'Mirzapur Upazila', 'মির্জাপুর', '0000-00-00 00:00:00', '0000-00-00 00:00:00'),
(266, '17', 'Gopalpur Upazila', 'গোপালপুর', '0000-00-00 00:00:00', '0000-00-00 00:00:00'),
(267, '17', 'Delduar Upazila', 'দেলদুয়ার', '0000-00-00 00:00:00', '0000-00-00 00:00:00'),
(268, '17', 'Bhuapur Upazila', 'ভুয়াপুর', '0000-00-00 00:00:00', '0000-00-00 00:00:00'),
(269, '17', 'Dhanbari Upazila', 'ধানবাড়ি', '0000-00-00 00:00:00', '0000-00-00 00:00:00'),
(270, '55', 'Bagerhat Sadar Upazila', 'বাগেরহাট সদর', '0000-00-00 00:00:00', '0000-00-00 00:00:00'),
(271, '55', 'Chitalmari Upazila', 'চিতলমাড়ি', '0000-00-00 00:00:00', '0000-00-00 00:00:00'),
(272, '55', 'Fakirhat Upazila', 'ফকিরহাট', '0000-00-00 00:00:00', '0000-00-00 00:00:00'),
(273, '55', 'Kachua Upazila', 'কচুয়া', '0000-00-00 00:00:00', '0000-00-00 00:00:00'),
(274, '55', 'Mollahat Upazila', 'মোল্লাহাট ', '0000-00-00 00:00:00', '0000-00-00 00:00:00'),
(275, '55', 'Mongla Upazila', 'মংলা', '0000-00-00 00:00:00', '0000-00-00 00:00:00'),
(276, '55', 'Morrelganj Upazila', 'মরেলগঞ্জ', '0000-00-00 00:00:00', '0000-00-00 00:00:00'),
(277, '55', 'Rampal Upazila', 'রামপাল', '0000-00-00 00:00:00', '0000-00-00 00:00:00'),
(278, '55', 'Sarankhola Upazila', 'স্মরণখোলা', '0000-00-00 00:00:00', '0000-00-00 00:00:00'),
(279, '56', 'Damurhuda Upazila', 'দামুরহুদা', '0000-00-00 00:00:00', '0000-00-00 00:00:00'),
(280, '56', 'Chuadanga-S Upazila', 'চুয়াডাঙ্গা সদর', '0000-00-00 00:00:00', '0000-00-00 00:00:00'),
(281, '56', 'Jibannagar Upazila', 'জীবন নগর ', '0000-00-00 00:00:00', '0000-00-00 00:00:00'),
(282, '56', 'Alamdanga Upazila', 'আলমডাঙ্গা', '0000-00-00 00:00:00', '0000-00-00 00:00:00'),
(283, '57', 'Abhaynagar Upazila', 'অভয়নগর', '0000-00-00 00:00:00', '0000-00-00 00:00:00'),
(284, '57', 'Keshabpur Upazila', 'কেশবপুর', '0000-00-00 00:00:00', '0000-00-00 00:00:00'),
(285, '57', 'Bagherpara Upazila', 'বাঘের পাড়া ', '0000-00-00 00:00:00', '0000-00-00 00:00:00'),
(286, '57', 'Jessore Sadar Upazila', 'যশোর সদর', '0000-00-00 00:00:00', '0000-00-00 00:00:00'),
(287, '57', 'Chaugachha Upazila', 'চৌগাছা', '0000-00-00 00:00:00', '0000-00-00 00:00:00'),
(288, '57', 'Manirampur Upazila', 'মনিরামপুর ', '0000-00-00 00:00:00', '0000-00-00 00:00:00'),
(289, '57', 'Jhikargachha Upazila', 'ঝিকরগাছা', '0000-00-00 00:00:00', '0000-00-00 00:00:00'),
(290, '57', 'Sharsha Upazila', 'সারশা', '0000-00-00 00:00:00', '0000-00-00 00:00:00'),
(291, '58', 'Jhenaidah Sadar Upazila', 'ঝিনাইদহ সদর', '0000-00-00 00:00:00', '0000-00-00 00:00:00'),
(292, '58', 'Maheshpur Upazila', 'মহেশপুর', '0000-00-00 00:00:00', '0000-00-00 00:00:00'),
(293, '58', 'Kaliganj Upazila', 'কালীগঞ্জ', '0000-00-00 00:00:00', '0000-00-00 00:00:00'),
(294, '58', 'Kotchandpur Upazila', 'কোট চাঁদপুর ', '0000-00-00 00:00:00', '0000-00-00 00:00:00'),
(295, '58', 'Shailkupa Upazila', 'শৈলকুপা', '0000-00-00 00:00:00', '0000-00-00 00:00:00'),
(296, '58', 'Harinakunda Upazila', 'হাড়িনাকুন্দা', '0000-00-00 00:00:00', '0000-00-00 00:00:00'),
(297, '59', 'Terokhada Upazila', 'তেরোখাদা', '0000-00-00 00:00:00', '0000-00-00 00:00:00'),
(298, '59', 'Batiaghata Upazila', 'বাটিয়াঘাটা ', '0000-00-00 00:00:00', '0000-00-00 00:00:00'),
(299, '59', 'Dacope Upazila', 'ডাকপে', '0000-00-00 00:00:00', '0000-00-00 00:00:00'),
(300, '59', 'Dumuria Upazila', 'ডুমুরিয়া', '0000-00-00 00:00:00', '0000-00-00 00:00:00'),
(301, '59', 'Dighalia Upazila', 'দিঘলিয়া', '0000-00-00 00:00:00', '0000-00-00 00:00:00'),
(302, '59', 'Koyra Upazila', 'কয়ড়া', '0000-00-00 00:00:00', '0000-00-00 00:00:00'),
(303, '59', 'Paikgachha Upazila', 'পাইকগাছা', '0000-00-00 00:00:00', '0000-00-00 00:00:00'),
(304, '59', 'Phultala Upazila', 'ফুলতলা', '0000-00-00 00:00:00', '0000-00-00 00:00:00'),
(305, '59', 'Rupsa Upazila', 'রূপসা', '0000-00-00 00:00:00', '0000-00-00 00:00:00'),
(306, '60', 'Kushtia Sadar', 'কুষ্টিয়া সদর', '0000-00-00 00:00:00', '0000-00-00 00:00:00'),
(307, '60', 'Kumarkhali', 'কুমারখালি', '0000-00-00 00:00:00', '0000-00-00 00:00:00'),
(308, '60', 'Daulatpur', 'দৌলতপুর', '0000-00-00 00:00:00', '0000-00-00 00:00:00'),
(309, '60', 'Mirpur', 'মিরপুর', '0000-00-00 00:00:00', '0000-00-00 00:00:00'),
(310, '60', 'Bheramara', 'ভেরামারা', '0000-00-00 00:00:00', '0000-00-00 00:00:00'),
(311, '60', 'Khoksa', 'খোকসা', '0000-00-00 00:00:00', '0000-00-00 00:00:00'),
(312, '61', 'Magura Sadar Upazila', 'মাগুরা সদর', '0000-00-00 00:00:00', '0000-00-00 00:00:00'),
(313, '61', 'Mohammadpur Upazila', 'মোহাম্মাদপুর', '0000-00-00 00:00:00', '0000-00-00 00:00:00'),
(314, '61', 'Shalikha Upazila', 'শালিখা', '0000-00-00 00:00:00', '0000-00-00 00:00:00'),
(315, '61', 'Sreepur Upazila', 'শ্রীপুর', '0000-00-00 00:00:00', '0000-00-00 00:00:00'),
(316, '62', 'angni Upazila', 'আংনি', '0000-00-00 00:00:00', '0000-00-00 00:00:00'),
(317, '62', 'Mujib Nagar Upazila', 'মুজিব নগর', '0000-00-00 00:00:00', '0000-00-00 00:00:00'),
(318, '62', 'Meherpur-S Upazila', 'মেহেরপুর সদর', '0000-00-00 00:00:00', '0000-00-00 00:00:00'),
(319, '63', 'Narail-S Upazilla', 'নড়াইল সদর', '0000-00-00 00:00:00', '0000-00-00 00:00:00'),
(320, '63', 'Lohagara Upazilla', 'লোহাগাড়া', '0000-00-00 00:00:00', '0000-00-00 00:00:00'),
(321, '63', 'Kalia Upazilla', 'কালিয়া', '0000-00-00 00:00:00', '0000-00-00 00:00:00'),
(322, '64', 'Satkhira Sadar Upazila', 'সাতক্ষীরা সদর', '0000-00-00 00:00:00', '0000-00-00 00:00:00'),
(323, '64', 'Assasuni Upazila', 'আসসাশুনি ', '0000-00-00 00:00:00', '0000-00-00 00:00:00'),
(324, '64', 'Debhata Upazila', 'দেভাটা', '0000-00-00 00:00:00', '0000-00-00 00:00:00'),
(325, '64', 'Tala Upazila', 'তালা', '0000-00-00 00:00:00', '0000-00-00 00:00:00'),
(326, '64', 'Kalaroa Upazila', 'কলরোয়া', '0000-00-00 00:00:00', '0000-00-00 00:00:00'),
(327, '64', 'Kaliganj Upazila', 'কালীগঞ্জ', '0000-00-00 00:00:00', '0000-00-00 00:00:00'),
(328, '64', 'Shyamnagar Upazila', 'শ্যামনগর', '0000-00-00 00:00:00', '0000-00-00 00:00:00'),
(329, '18', 'Adamdighi', 'আদমদিঘী', '0000-00-00 00:00:00', '0000-00-00 00:00:00'),
(330, '18', 'Bogra Sadar', 'বগুড়া সদর', '0000-00-00 00:00:00', '0000-00-00 00:00:00'),
(331, '18', 'Sherpur', 'শেরপুর', '0000-00-00 00:00:00', '0000-00-00 00:00:00'),
(332, '18', 'Dhunat', 'ধুনট', '0000-00-00 00:00:00', '0000-00-00 00:00:00'),
(333, '18', 'Dhupchanchia', 'দুপচাচিয়া', '0000-00-00 00:00:00', '0000-00-00 00:00:00'),
(334, '18', 'Gabtali', 'গাবতলি', '0000-00-00 00:00:00', '0000-00-00 00:00:00'),
(335, '18', 'Kahaloo', 'কাহালু', '0000-00-00 00:00:00', '0000-00-00 00:00:00'),
(336, '18', 'Nandigram', 'নন্দিগ্রাম', '0000-00-00 00:00:00', '0000-00-00 00:00:00'),
(337, '18', 'Sahajanpur', 'শাহজাহানপুর', '0000-00-00 00:00:00', '0000-00-00 00:00:00'),
(338, '18', 'Sariakandi', 'সারিয়াকান্দি', '0000-00-00 00:00:00', '0000-00-00 00:00:00'),
(339, '18', 'Shibganj', 'শিবগঞ্জ', '0000-00-00 00:00:00', '0000-00-00 00:00:00'),
(340, '18', 'Sonatala', 'সোনাতলা', '0000-00-00 00:00:00', '0000-00-00 00:00:00'),
(341, '19', 'Joypurhat S', 'জয়পুরহাট সদর', '0000-00-00 00:00:00', '0000-00-00 00:00:00'),
(342, '19', 'Akkelpur', 'আক্কেলপুর', '0000-00-00 00:00:00', '0000-00-00 00:00:00'),
(343, '19', 'Kalai', 'কালাই', '0000-00-00 00:00:00', '0000-00-00 00:00:00'),
(344, '19', 'Khetlal', 'খেতলাল', '0000-00-00 00:00:00', '0000-00-00 00:00:00'),
(345, '19', 'Panchbibi', 'পাঁচবিবি', '0000-00-00 00:00:00', '0000-00-00 00:00:00'),
(346, '20', 'Naogaon Sadar Upazila', 'নওগাঁ সদর', '0000-00-00 00:00:00', '0000-00-00 00:00:00'),
(347, '20', 'Mohadevpur Upazila', 'মহাদেবপুর', '0000-00-00 00:00:00', '0000-00-00 00:00:00'),
(348, '20', 'Manda Upazila', 'মান্দা', '0000-00-00 00:00:00', '0000-00-00 00:00:00'),
(349, '20', 'Niamatpur Upazila', 'নিয়ামতপুর', '0000-00-00 00:00:00', '0000-00-00 00:00:00'),
(350, '20', 'Atrai Upazila', 'আত্রাই', '0000-00-00 00:00:00', '0000-00-00 00:00:00'),
(351, '20', 'Raninagar Upazila', 'রাণীনগর', '0000-00-00 00:00:00', '0000-00-00 00:00:00'),
(352, '20', 'Patnitala Upazila', 'পত্নীতলা', '0000-00-00 00:00:00', '0000-00-00 00:00:00'),
(353, '20', 'Dhamoirhat Upazila', 'ধামইরহাট ', '0000-00-00 00:00:00', '0000-00-00 00:00:00'),
(354, '20', 'Sapahar Upazila', 'সাপাহার', '0000-00-00 00:00:00', '0000-00-00 00:00:00'),
(355, '20', 'Porsha Upazila', 'পোরশা', '0000-00-00 00:00:00', '0000-00-00 00:00:00'),
(356, '20', 'Badalgachhi Upazila', 'বদলগাছি', '0000-00-00 00:00:00', '0000-00-00 00:00:00'),
(357, '21', 'Natore Sadar Upazila', 'নাটোর সদর', '0000-00-00 00:00:00', '0000-00-00 00:00:00'),
(358, '21', 'Baraigram Upazila', 'বড়াইগ্রাম', '0000-00-00 00:00:00', '0000-00-00 00:00:00'),
(359, '21', 'Bagatipara Upazila', 'বাগাতিপাড়া', '0000-00-00 00:00:00', '0000-00-00 00:00:00'),
(360, '21', 'Lalpur Upazila', 'লালপুর', '0000-00-00 00:00:00', '0000-00-00 00:00:00'),
(361, '21', 'Natore Sadar Upazila', 'নাটোর সদর', '0000-00-00 00:00:00', '0000-00-00 00:00:00'),
(362, '21', 'Baraigram Upazila', 'বড়াই গ্রাম', '0000-00-00 00:00:00', '0000-00-00 00:00:00'),
(363, '22', 'Bholahat Upazila', 'ভোলাহাট', '0000-00-00 00:00:00', '0000-00-00 00:00:00'),
(364, '22', 'Gomastapur Upazila', 'গোমস্তাপুর', '0000-00-00 00:00:00', '0000-00-00 00:00:00'),
(365, '22', 'Nachole Upazila', 'নাচোল', '0000-00-00 00:00:00', '0000-00-00 00:00:00'),
(366, '22', 'Nawabganj Sadar Upazila', 'নবাবগঞ্জ সদর', '0000-00-00 00:00:00', '0000-00-00 00:00:00'),
(367, '22', 'Shibganj Upazila', 'শিবগঞ্জ', '0000-00-00 00:00:00', '0000-00-00 00:00:00'),
(368, '23', 'Atgharia Upazila', 'আটঘরিয়া', '0000-00-00 00:00:00', '0000-00-00 00:00:00'),
(369, '23', 'Bera Upazila', 'বেড়া', '0000-00-00 00:00:00', '0000-00-00 00:00:00'),
(370, '23', 'Bhangura Upazila', 'ভাঙ্গুরা', '0000-00-00 00:00:00', '0000-00-00 00:00:00'),
(371, '23', 'Chatmohar Upazila', 'চাটমোহর', '0000-00-00 00:00:00', '0000-00-00 00:00:00'),
(372, '23', 'Faridpur Upazila', 'ফরিদপুর', '0000-00-00 00:00:00', '0000-00-00 00:00:00'),
(373, '23', 'Ishwardi Upazila', 'ঈশ্বরদী', '0000-00-00 00:00:00', '0000-00-00 00:00:00'),
(374, '23', 'Pabna Sadar Upazila', 'পাবনা সদর', '0000-00-00 00:00:00', '0000-00-00 00:00:00'),
(375, '23', 'Santhia Upazila', 'সাথিয়া', '0000-00-00 00:00:00', '0000-00-00 00:00:00'),
(376, '23', 'Sujanagar Upazila', 'সুজানগর', '0000-00-00 00:00:00', '0000-00-00 00:00:00'),
(377, '24', 'Bagha', 'বাঘা', '0000-00-00 00:00:00', '0000-00-00 00:00:00'),
(378, '24', 'Bagmara', 'বাগমারা', '0000-00-00 00:00:00', '0000-00-00 00:00:00'),
(379, '24', 'Charghat', 'চারঘাট', '0000-00-00 00:00:00', '0000-00-00 00:00:00'),
(380, '24', 'Durgapur', 'দুর্গাপুর', '0000-00-00 00:00:00', '0000-00-00 00:00:00'),
(381, '24', 'Godagari', 'গোদাগারি', '0000-00-00 00:00:00', '0000-00-00 00:00:00'),
(382, '24', 'Mohanpur', 'মোহনপুর', '0000-00-00 00:00:00', '0000-00-00 00:00:00'),
(383, '24', 'Paba', 'পবা', '0000-00-00 00:00:00', '0000-00-00 00:00:00'),
(384, '24', 'Puthia', 'পুঠিয়া', '0000-00-00 00:00:00', '0000-00-00 00:00:00'),
(385, '24', 'Tanore', 'তানোর', '0000-00-00 00:00:00', '0000-00-00 00:00:00'),
(386, '25', 'Sirajganj Sadar Upazila', 'সিরাজগঞ্জ সদর', '0000-00-00 00:00:00', '0000-00-00 00:00:00'),
(387, '25', 'Belkuchi Upazila', 'বেলকুচি', '0000-00-00 00:00:00', '0000-00-00 00:00:00'),
(388, '25', 'Chauhali Upazila', 'চৌহালি', '0000-00-00 00:00:00', '0000-00-00 00:00:00'),
(389, '25', 'Kamarkhanda Upazila', 'কামারখান্দা', '0000-00-00 00:00:00', '0000-00-00 00:00:00'),
(390, '25', 'Kazipur Upazila', 'কাজীপুর', '0000-00-00 00:00:00', '0000-00-00 00:00:00'),
(391, '25', 'Raiganj Upazila', 'রায়গঞ্জ', '0000-00-00 00:00:00', '0000-00-00 00:00:00'),
(392, '25', 'Shahjadpur Upazila', 'শাহজাদপুর', '0000-00-00 00:00:00', '0000-00-00 00:00:00'),
(393, '25', 'Tarash Upazila', 'তারাশ', '0000-00-00 00:00:00', '0000-00-00 00:00:00'),
(394, '25', 'Ullahpara Upazila', 'উল্লাপাড়া', '0000-00-00 00:00:00', '0000-00-00 00:00:00'),
(395, '26', 'Birampur Upazila', 'বিরামপুর', '0000-00-00 00:00:00', '0000-00-00 00:00:00'),
(396, '26', 'Birganj', 'বীরগঞ্জ', '0000-00-00 00:00:00', '0000-00-00 00:00:00'),
(397, '26', 'Biral Upazila', 'বিড়াল', '0000-00-00 00:00:00', '0000-00-00 00:00:00'),
(398, '26', 'Bochaganj Upazila', 'বোচাগঞ্জ', '0000-00-00 00:00:00', '0000-00-00 00:00:00'),
(399, '26', 'Chirirbandar Upazila', 'চিরিরবন্দর', '0000-00-00 00:00:00', '0000-00-00 00:00:00'),
(400, '26', 'Phulbari Upazila', 'ফুলবাড়ি', '0000-00-00 00:00:00', '0000-00-00 00:00:00'),
(401, '26', 'Ghoraghat Upazila', 'ঘোড়াঘাট', '0000-00-00 00:00:00', '0000-00-00 00:00:00'),
(402, '26', 'Hakimpur Upazila', 'হাকিমপুর', '0000-00-00 00:00:00', '0000-00-00 00:00:00'),
(403, '26', 'Kaharole Upazila', 'কাহারোল', '0000-00-00 00:00:00', '0000-00-00 00:00:00'),
(404, '26', 'Khansama Upazila', 'খানসামা', '0000-00-00 00:00:00', '0000-00-00 00:00:00'),
(405, '26', 'Dinajpur Sadar Upazila', 'দিনাজপুর সদর', '0000-00-00 00:00:00', '0000-00-00 00:00:00'),
(406, '26', 'Nawabganj', 'নবাবগঞ্জ', '0000-00-00 00:00:00', '0000-00-00 00:00:00'),
(407, '26', 'Parbatipur Upazila', 'পার্বতীপুর', '0000-00-00 00:00:00', '0000-00-00 00:00:00'),
(408, '27', 'Fulchhari', 'ফুলছড়ি', '0000-00-00 00:00:00', '0000-00-00 00:00:00'),
(409, '27', 'Gaibandha sadar', 'গাইবান্ধা সদর', '0000-00-00 00:00:00', '0000-00-00 00:00:00'),
(410, '27', 'Gobindaganj', 'গোবিন্দগঞ্জ', '0000-00-00 00:00:00', '0000-00-00 00:00:00'),
(411, '27', 'Palashbari', 'পলাশবাড়ী', '0000-00-00 00:00:00', '0000-00-00 00:00:00'),
(412, '27', 'Sadullapur', 'সাদুল্যাপুর', '0000-00-00 00:00:00', '0000-00-00 00:00:00'),
(413, '27', 'Saghata', 'সাঘাটা', '0000-00-00 00:00:00', '0000-00-00 00:00:00'),
(414, '27', 'Sundarganj', 'সুন্দরগঞ্জ', '0000-00-00 00:00:00', '0000-00-00 00:00:00'),
(415, '28', 'Kurigram Sadar', 'কুড়িগ্রাম সদর', '0000-00-00 00:00:00', '0000-00-00 00:00:00'),
(416, '28', 'Nageshwari', 'নাগেশ্বরী', '0000-00-00 00:00:00', '0000-00-00 00:00:00'),
(417, '28', 'Bhurungamari', 'ভুরুঙ্গামারি', '0000-00-00 00:00:00', '0000-00-00 00:00:00'),
(418, '28', 'Phulbari', 'ফুলবাড়ি', '0000-00-00 00:00:00', '0000-00-00 00:00:00'),
(419, '28', 'Rajarhat', 'রাজারহাট', '0000-00-00 00:00:00', '0000-00-00 00:00:00'),
(420, '28', 'Ulipur', 'উলিপুর', '0000-00-00 00:00:00', '0000-00-00 00:00:00'),
(421, '28', 'Chilmari', 'চিলমারি', '0000-00-00 00:00:00', '0000-00-00 00:00:00'),
(422, '28', 'Rowmari', 'রউমারি', '0000-00-00 00:00:00', '0000-00-00 00:00:00'),
(423, '28', 'Char Rajibpur', 'চর রাজিবপুর', '0000-00-00 00:00:00', '0000-00-00 00:00:00'),
(424, '29', 'Lalmanirhat Sadar', 'লালমনিরহাট সদর', '0000-00-00 00:00:00', '0000-00-00 00:00:00'),
(425, '29', 'Aditmari', 'আদিতমারি', '0000-00-00 00:00:00', '0000-00-00 00:00:00'),
(426, '29', 'Kaliganj', 'কালীগঞ্জ', '0000-00-00 00:00:00', '0000-00-00 00:00:00'),
(427, '29', 'Hatibandha', 'হাতিবান্ধা', '0000-00-00 00:00:00', '0000-00-00 00:00:00'),
(428, '29', 'Patgram', 'পাটগ্রাম', '0000-00-00 00:00:00', '0000-00-00 00:00:00'),
(429, '30', 'Nilphamari Sadar', 'নীলফামারী সদর', '0000-00-00 00:00:00', '0000-00-00 00:00:00'),
(430, '30', 'Saidpur', 'সৈয়দপুর', '0000-00-00 00:00:00', '0000-00-00 00:00:00'),
(431, '30', 'Jaldhaka', 'জলঢাকা', '0000-00-00 00:00:00', '0000-00-00 00:00:00'),
(432, '30', 'Kishoreganj', 'কিশোরগঞ্জ', '0000-00-00 00:00:00', '0000-00-00 00:00:00'),
(433, '30', 'Domar', 'ডোমার', '0000-00-00 00:00:00', '0000-00-00 00:00:00'),
(434, '30', 'Dimla', 'ডিমলা', '0000-00-00 00:00:00', '0000-00-00 00:00:00'),
(435, '31', 'Panchagarh Sadar', 'পঞ্চগড় সদর', '0000-00-00 00:00:00', '0000-00-00 00:00:00'),
(436, '31', 'Debiganj', 'দেবীগঞ্জ', '0000-00-00 00:00:00', '0000-00-00 00:00:00'),
(437, '31', 'Boda', 'বোদা', '0000-00-00 00:00:00', '0000-00-00 00:00:00'),
(438, '31', 'Atwari', 'আটোয়ারি', '0000-00-00 00:00:00', '0000-00-00 00:00:00'),
(439, '31', 'Tetulia', 'তেতুলিয়া', '0000-00-00 00:00:00', '0000-00-00 00:00:00'),
(440, '32', 'Badarganj', 'বদরগঞ্জ', '0000-00-00 00:00:00', '0000-00-00 00:00:00'),
(441, '32', 'Mithapukur', 'মিঠাপুকুর', '0000-00-00 00:00:00', '0000-00-00 00:00:00'),
(442, '32', 'Gangachara', 'গঙ্গাচরা', '0000-00-00 00:00:00', '0000-00-00 00:00:00'),
(443, '32', 'Kaunia', 'কাউনিয়া', '0000-00-00 00:00:00', '0000-00-00 00:00:00'),
(444, '32', 'Rangpur Sadar', 'রংপুর সদর', '0000-00-00 00:00:00', '0000-00-00 00:00:00'),
(445, '32', 'Pirgachha', 'পীরগাছা', '0000-00-00 00:00:00', '0000-00-00 00:00:00'),
(446, '32', 'Pirganj', 'পীরগঞ্জ', '0000-00-00 00:00:00', '0000-00-00 00:00:00'),
(447, '32', 'Taraganj', 'তারাগঞ্জ', '0000-00-00 00:00:00', '0000-00-00 00:00:00'),
(448, '33', 'Thakurgaon Sadar Upazila', 'ঠাকুরগাঁও সদর', '0000-00-00 00:00:00', '0000-00-00 00:00:00'),
(449, '33', 'Pirganj Upazila', 'পীরগঞ্জ', '0000-00-00 00:00:00', '0000-00-00 00:00:00'),
(450, '33', 'Baliadangi Upazila', 'বালিয়াডাঙ্গি', '0000-00-00 00:00:00', '0000-00-00 00:00:00'),
(451, '33', 'Haripur Upazila', 'হরিপুর', '0000-00-00 00:00:00', '0000-00-00 00:00:00'),
(452, '33', 'Ranisankail Upazila', 'রাণীসংকইল', '0000-00-00 00:00:00', '0000-00-00 00:00:00'),
(453, '51', 'Ajmiriganj', 'আজমিরিগঞ্জ', '0000-00-00 00:00:00', '0000-00-00 00:00:00'),
(454, '51', 'Baniachang', 'বানিয়াচং', '0000-00-00 00:00:00', '0000-00-00 00:00:00'),
(455, '51', 'Bahubal', 'বাহুবল', '0000-00-00 00:00:00', '0000-00-00 00:00:00'),
(456, '51', 'Chunarughat', 'চুনারুঘাট', '0000-00-00 00:00:00', '0000-00-00 00:00:00'),
(457, '51', 'Habiganj Sadar', 'হবিগঞ্জ সদর', '0000-00-00 00:00:00', '0000-00-00 00:00:00'),
(458, '51', 'Lakhai', 'লাক্ষাই', '0000-00-00 00:00:00', '0000-00-00 00:00:00'),
(459, '51', 'Madhabpur', 'মাধবপুর', '0000-00-00 00:00:00', '0000-00-00 00:00:00'),
(460, '51', 'Nabiganj', 'নবীগঞ্জ', '0000-00-00 00:00:00', '0000-00-00 00:00:00'),
(461, '51', 'Shaistagonj Upazila', 'শায়েস্তাগঞ্জ', '0000-00-00 00:00:00', '0000-00-00 00:00:00'),
(462, '52', 'Moulvibazar Sadar', 'মৌলভীবাজার', '0000-00-00 00:00:00', '0000-00-00 00:00:00'),
(463, '52', 'Barlekha', 'বড়লেখা', '0000-00-00 00:00:00', '0000-00-00 00:00:00'),
(464, '52', 'Juri', 'জুড়ি', '0000-00-00 00:00:00', '0000-00-00 00:00:00'),
(465, '52', 'Kamalganj', 'কামালগঞ্জ', '0000-00-00 00:00:00', '0000-00-00 00:00:00'),
(466, '52', 'Kulaura', 'কুলাউরা', '0000-00-00 00:00:00', '0000-00-00 00:00:00'),
(467, '52', 'Rajnagar', 'রাজনগর', '0000-00-00 00:00:00', '0000-00-00 00:00:00'),
(468, '52', 'Sreemangal', 'শ্রীমঙ্গল', '0000-00-00 00:00:00', '0000-00-00 00:00:00'),
(469, '53', 'Bishwamvarpur', 'বিসশম্ভারপুর', '0000-00-00 00:00:00', '0000-00-00 00:00:00'),
(470, '53', 'Chhatak', 'ছাতক', '0000-00-00 00:00:00', '0000-00-00 00:00:00'),
(471, '53', 'Derai', 'দেড়াই', '0000-00-00 00:00:00', '0000-00-00 00:00:00'),
(472, '53', 'Dharampasha', 'ধরমপাশা', '0000-00-00 00:00:00', '0000-00-00 00:00:00'),
(473, '53', 'Dowarabazar', 'দোয়ারাবাজার', '0000-00-00 00:00:00', '0000-00-00 00:00:00'),
(474, '53', 'Jagannathpur', 'জগন্নাথপুর', '0000-00-00 00:00:00', '0000-00-00 00:00:00'),
(475, '53', 'Jamalganj', 'জামালগঞ্জ', '0000-00-00 00:00:00', '0000-00-00 00:00:00'),
(476, '53', 'Sulla', 'সুল্লা', '0000-00-00 00:00:00', '0000-00-00 00:00:00'),
(477, '53', 'Sunamganj Sadar', 'সুনামগঞ্জ সদর', '0000-00-00 00:00:00', '0000-00-00 00:00:00'),
(478, '53', 'Shanthiganj', 'শান্তিগঞ্জ', '0000-00-00 00:00:00', '0000-00-00 00:00:00'),
(479, '53', 'Tahirpur', 'তাহিরপুর', '0000-00-00 00:00:00', '0000-00-00 00:00:00'),
(480, '54', 'Sylhet Sadar', 'সিলেট সদর', '0000-00-00 00:00:00', '0000-00-00 00:00:00'),
(481, '54', 'Beanibazar', 'বেয়ানিবাজার', '0000-00-00 00:00:00', '0000-00-00 00:00:00'),
(482, '54', 'Bishwanath', 'বিশ্বনাথ', '0000-00-00 00:00:00', '0000-00-00 00:00:00'),
(483, '54', 'Dakshin Surma Upazila', 'দক্ষিণ সুরমা', '0000-00-00 00:00:00', '0000-00-00 00:00:00'),
(484, '54', 'Balaganj', 'বালাগঞ্জ', '0000-00-00 00:00:00', '0000-00-00 00:00:00'),
(485, '54', 'Companiganj', 'কোম্পানিগঞ্জ', '0000-00-00 00:00:00', '0000-00-00 00:00:00'),
(486, '54', 'Fenchuganj', 'ফেঞ্চুগঞ্জ', '0000-00-00 00:00:00', '0000-00-00 00:00:00'),
(487, '54', 'Golapganj', 'গোলাপগঞ্জ', '0000-00-00 00:00:00', '0000-00-00 00:00:00'),
(488, '54', 'Gowainghat', 'গোয়াইনঘাট', '0000-00-00 00:00:00', '0000-00-00 00:00:00'),
(489, '54', 'Jaintiapur', 'জয়ন্তপুর', '0000-00-00 00:00:00', '0000-00-00 00:00:00'),
(490, '54', 'Kanaighat', 'কানাইঘাট', '0000-00-00 00:00:00', '0000-00-00 00:00:00'),
(491, '54', 'Zakiganj', 'জাকিগঞ্জ', '0000-00-00 00:00:00', '0000-00-00 00:00:00'),
(492, '54', 'Nobigonj', 'নবীগঞ্জ', '0000-00-00 00:00:00', '0000-00-00 00:00:00');

-- --------------------------------------------------------

--
-- Table structure for table `users`
--

CREATE TABLE `users` (
  `id` int(10) UNSIGNED NOT NULL,
  `name` varchar(255) COLLATE utf8mb4_unicode_ci NOT NULL,
  `email` varchar(255) COLLATE utf8mb4_unicode_ci NOT NULL,
  `user_level` int(11) DEFAULT NULL,
  `user_type` int(11) DEFAULT NULL COMMENT '1=Reviewer,0=Data Entry Operator',
  `designation` varchar(250) COLLATE utf8mb4_unicode_ci NOT NULL,
  `district_id` int(11) DEFAULT NULL,
  `upazila_id` int(11) DEFAULT NULL,
  `password` varchar(255) COLLATE utf8mb4_unicode_ci NOT NULL,
  `remember_token` varchar(100) COLLATE utf8mb4_unicode_ci DEFAULT NULL,
  `created_at` timestamp NULL DEFAULT NULL,
  `updated_at` timestamp NULL DEFAULT NULL
) ENGINE=InnoDB DEFAULT CHARSET=utf8mb4 COLLATE=utf8mb4_unicode_ci;

--
-- Dumping data for table `users`
--

INSERT INTO `users` (`id`, `name`, `email`, `user_level`, `user_type`, `designation`, `district_id`, `upazila_id`, `password`, `remember_token`, `created_at`, `updated_at`) VALUES
(1, 'Admin', 'admin@admin.gmis', 4, 1, '', 6, 189, '$2y$10$qr9YOUt.bJHMoZJ.7jLowuBA6cGfNLQ9XO9gPPfnk7FxrwBt4veS.', 'Of0tGTaEanQhRJGwPJY9OjblxnkEVSufoWLLFgpAXdvopbjv1Lj97i5ToXKq', '2017-08-27 14:50:14', '2017-08-28 13:55:50'),
(4, 'Head Office', 'head_office@gmail.com', 2, 1, '', 3, 162, '$2y$10$CGDZPURnY.mbpDFDu320dukF7AN/8uMywwi8qayU4Wg8eIue.NdOq', 'Gbn5wk1GPg8isySEosEJFGkQsJ9DJaqvUVDOjHD7L1xKnhGrLFRZD2uQkDre', '2017-08-28 13:10:25', '2017-10-06 01:43:06'),
(5, 'Alamin', 'alamin2@gmail.com', 2, 1, '', 2, 151, '$2y$10$Vgvj36Frrg97Daqm2jvrh.ITuxD/qJpWygwzjKEH2zejV1GGg5VUG', NULL, '2017-08-28 13:35:48', '2017-08-28 13:35:48'),
(6, 'Jessore Upazila', 'jessore_up_reviewer@gmail.com', 4, 1, '', 10, 219, '$2y$10$pbpY2BBkmCgVLu8h3SwqOOaPwLoxGV2BuRDQK31fb7AfQ1ffMQUYa', '4XkwXDMRJQxZHYLk3fgZwihofNxwWwtdniP0JrFgELzbmzFpKy5XH18EeWJB', '2017-09-23 11:26:42', '2017-10-06 01:43:17'),
(7, 'Jessore Upazila', 'jessore_up_data_entry@gmail.com', 4, 0, '', 57, 286, '$2y$10$b9i6oZ3Lxtp10DZTJIsUmeDr33vcaAWeQa4vi2Cl/n5gfWFC2QD3y', 'vFlRebv4v6YxvjwWI5s8HmjA99aEiqXV9tTlgiCS0DunLh8mxYCfuZ6oseLS', '2017-09-23 11:27:26', '2017-09-23 11:27:27'),
(8, 'Mohammad A Junayeed', 'junayeed@gmail.com', 1, NULL, 'Systems Analyst', 2, 153, '$2y$10$QL9sbv.Wlx03uzUanEWb2uTI.ynOlSMK7vjr3C/3JkitDcwxWfA2e', 'lBOo2lw80UcNbTFBa9sKiWnevMLPUldsHl6Hi4UNScEIjgeWoYeI2KAuRDq6', '2017-08-31 00:24:44', '2017-10-06 01:43:27'),
(9, 'Md. Nazrul Islam', 'nazrulislamchitta@gmail.com', 1, NULL, 'Assistant Secretary (Law)', 0, 0, '$2y$10$QL9sbv.Wlx03uzUanEWb2uTI.ynOlSMK7vjr3C/3JkitDcwxWfA2e', 'VmyQ8sq3bsiOD54dgPZCx8qrMSx3yNYcGFC7BG1REbjR2XXwxZoz0ilIHefG', '2018-07-23 03:24:44', NULL),
(10, 'Smriti Karmaker', 'jslaw@molwa.gov.bd', 1, NULL, 'Joint Secretary', NULL, NULL, '$2y$10$QL9sbv.Wlx03uzUanEWb2uTI.ynOlSMK7vjr3C/3JkitDcwxWfA2e', 'RwwtFuiSVltzbQVs9X381Q685MRJioBpax2FZwDSlUMwkl2nvKPiLXmQfVmk', '2017-08-31 00:24:44', '2017-10-06 01:43:27'),
(11, 'Umme Hani', 'ummehani.ju37@gmail.com', 1, NULL, 'Administrative Officer', NULL, NULL, '$2y$10$QL9sbv.Wlx03uzUanEWb2uTI.ynOlSMK7vjr3C/3JkitDcwxWfA2e', 'omgJhBWFihiDyU4IOm2x07mXX9glTM4mCDvBuWNx0msvDeNYGsNxD66RDxvP', '2017-08-31 00:24:44', '2017-10-06 01:43:27'),
(12, 'Dwijendra Das', 'dwijendradas7@gmail.com', 1, NULL, 'Office Assistant', NULL, NULL, '$2y$10$QL9sbv.Wlx03uzUanEWb2uTI.ynOlSMK7vjr3C/3JkitDcwxWfA2e', '7J5ny39jdQbrZkrbxxiMLiqupp9CbcMtHXL8Ddh1jrM8kKHL8rmbCxPBFQEr', '2017-08-31 00:24:44', '2017-10-06 01:43:27'),
(13, 'Shahanaz Akter', 'shahanaz.akter@gmail.com', 1, NULL, 'Office Asst. Cum Computer Operator', NULL, NULL, '$2y$10$QL9sbv.Wlx03uzUanEWb2uTI.ynOlSMK7vjr3C/3JkitDcwxWfA2e', 'omgJhBWFihiDyU4IOm2x07mXX9glTM4mCDvBuWNx0msvDeNYGsNxD66RDxvP', '2017-08-31 00:24:44', '2017-10-06 01:43:27');

-- --------------------------------------------------------

--
-- Table structure for table `user_groups`
--

CREATE TABLE `user_groups` (
  `id` int(11) NOT NULL,
  `name` varchar(255) DEFAULT NULL,
  `created_at` timestamp NOT NULL DEFAULT CURRENT_TIMESTAMP,
  `updated_at` timestamp NOT NULL DEFAULT CURRENT_TIMESTAMP ON UPDATE CURRENT_TIMESTAMP
) ENGINE=InnoDB DEFAULT CHARSET=latin1;

--
-- Dumping data for table `user_groups`
--

INSERT INTO `user_groups` (`id`, `name`, `created_at`, `updated_at`) VALUES
(1, 'Admin', '2017-08-26 18:58:06', '2017-08-28 18:34:19'),
(2, 'Head Office', '2017-08-26 18:58:25', '2017-08-28 18:34:15'),
(3, 'District', '2017-08-26 18:58:41', '2017-08-28 18:34:32'),
(4, 'Upazila', '2017-08-26 18:58:41', '2017-08-28 18:34:26');

--
-- Indexes for dumped tables
--

--
-- Indexes for table `applicants`
--
ALTER TABLE `applicants`
  ADD PRIMARY KEY (`id`);

--
-- Indexes for table `applicant_academics`
--
ALTER TABLE `applicant_academics`
  ADD PRIMARY KEY (`id`);

--
-- Indexes for table `applicant_address`
--
ALTER TABLE `applicant_address`
  ADD PRIMARY KEY (`id`);

--
-- Indexes for table `applicant_update_history`
--
ALTER TABLE `applicant_update_history`
  ADD PRIMARY KEY (`updateHistoryID`);

--
-- Indexes for table `cases`
--
ALTER TABLE `cases`
  ADD PRIMARY KEY (`id`);

--
-- Indexes for table `case_status`
--
ALTER TABLE `case_status`
  ADD PRIMARY KEY (`id`);

--
-- Indexes for table `case_type`
--
ALTER TABLE `case_type`
  ADD PRIMARY KEY (`id`);

--
-- Indexes for table `case_update_history`
--
ALTER TABLE `case_update_history`
  ADD PRIMARY KEY (`updateHistoryID`);

--
-- Indexes for table `category_list`
--
ALTER TABLE `category_list`
  ADD PRIMARY KEY (`id`);

--
-- Indexes for table `dc_offices`
--
ALTER TABLE `dc_offices`
  ADD PRIMARY KEY (`id`);

--
-- Indexes for table `district_tbl`
--
ALTER TABLE `district_tbl`
  ADD PRIMARY KEY (`id`);

--
-- Indexes for table `division_tbl`
--
ALTER TABLE `division_tbl`
  ADD PRIMARY KEY (`id`);

--
-- Indexes for table `education_board`
--
ALTER TABLE `education_board`
  ADD PRIMARY KEY (`id`);

--
-- Indexes for table `ff_list_type`
--
ALTER TABLE `ff_list_type`
  ADD PRIMARY KEY (`id`);

--
-- Indexes for table `interim_orders`
--
ALTER TABLE `interim_orders`
  ADD PRIMARY KEY (`id`);

--
-- Indexes for table `interim_orders_details`
--
ALTER TABLE `interim_orders_details`
  ADD PRIMARY KEY (`id`);

--
-- Indexes for table `judgement_details`
--
ALTER TABLE `judgement_details`
  ADD PRIMARY KEY (`id`);

--
-- Indexes for table `migrations`
--
ALTER TABLE `migrations`
  ADD PRIMARY KEY (`id`);

--
-- Indexes for table `ministry_tbl`
--
ALTER TABLE `ministry_tbl`
  ADD PRIMARY KEY (`id`);

--
-- Indexes for table `notifications`
--
ALTER TABLE `notifications`
  ADD PRIMARY KEY (`id`);

--
-- Indexes for table `password_resets`
--
ALTER TABLE `password_resets`
  ADD KEY `password_resets_email_index` (`email`);

--
-- Indexes for table `recipients`
--
ALTER TABLE `recipients`
  ADD PRIMARY KEY (`id`);

--
-- Indexes for table `rule_nisi_orders`
--
ALTER TABLE `rule_nisi_orders`
  ADD PRIMARY KEY (`id`);

--
-- Indexes for table `sf_details`
--
ALTER TABLE `sf_details`
  ADD PRIMARY KEY (`id`);

--
-- Indexes for table `subject_types`
--
ALTER TABLE `subject_types`
  ADD PRIMARY KEY (`id`);

--
-- Indexes for table `upazilas`
--
ALTER TABLE `upazilas`
  ADD PRIMARY KEY (`id`);

--
-- Indexes for table `upazila_tbl`
--
ALTER TABLE `upazila_tbl`
  ADD PRIMARY KEY (`id`);

--
-- Indexes for table `users`
--
ALTER TABLE `users`
  ADD PRIMARY KEY (`id`);

--
-- Indexes for table `user_groups`
--
ALTER TABLE `user_groups`
  ADD PRIMARY KEY (`id`);

--
-- AUTO_INCREMENT for dumped tables
--

--
-- AUTO_INCREMENT for table `applicants`
--
ALTER TABLE `applicants`
  MODIFY `id` int(11) NOT NULL AUTO_INCREMENT, AUTO_INCREMENT=20;

--
-- AUTO_INCREMENT for table `applicant_academics`
--
ALTER TABLE `applicant_academics`
  MODIFY `id` int(11) NOT NULL AUTO_INCREMENT, AUTO_INCREMENT=3;

--
-- AUTO_INCREMENT for table `applicant_address`
--
ALTER TABLE `applicant_address`
  MODIFY `id` int(11) NOT NULL AUTO_INCREMENT, AUTO_INCREMENT=2;

--
-- AUTO_INCREMENT for table `applicant_update_history`
--
ALTER TABLE `applicant_update_history`
  MODIFY `updateHistoryID` int(11) NOT NULL AUTO_INCREMENT;

--
-- AUTO_INCREMENT for table `cases`
--
ALTER TABLE `cases`
  MODIFY `id` int(11) NOT NULL AUTO_INCREMENT, AUTO_INCREMENT=102;

--
-- AUTO_INCREMENT for table `case_status`
--
ALTER TABLE `case_status`
  MODIFY `id` int(11) NOT NULL AUTO_INCREMENT, AUTO_INCREMENT=7;

--
-- AUTO_INCREMENT for table `case_type`
--
ALTER TABLE `case_type`
  MODIFY `id` int(11) NOT NULL AUTO_INCREMENT, AUTO_INCREMENT=3;

--
-- AUTO_INCREMENT for table `case_update_history`
--
ALTER TABLE `case_update_history`
  MODIFY `updateHistoryID` int(11) NOT NULL AUTO_INCREMENT, AUTO_INCREMENT=78;

--
-- AUTO_INCREMENT for table `category_list`
--
ALTER TABLE `category_list`
  MODIFY `id` int(11) NOT NULL AUTO_INCREMENT, AUTO_INCREMENT=6;

--
-- AUTO_INCREMENT for table `dc_offices`
--
ALTER TABLE `dc_offices`
  MODIFY `id` int(11) NOT NULL AUTO_INCREMENT, AUTO_INCREMENT=20;

--
-- AUTO_INCREMENT for table `district_tbl`
--
ALTER TABLE `district_tbl`
  MODIFY `id` int(10) UNSIGNED NOT NULL AUTO_INCREMENT, AUTO_INCREMENT=65;

--
-- AUTO_INCREMENT for table `division_tbl`
--
ALTER TABLE `division_tbl`
  MODIFY `id` int(10) UNSIGNED NOT NULL AUTO_INCREMENT, AUTO_INCREMENT=8;

--
-- AUTO_INCREMENT for table `education_board`
--
ALTER TABLE `education_board`
  MODIFY `id` int(11) NOT NULL AUTO_INCREMENT, AUTO_INCREMENT=10;

--
-- AUTO_INCREMENT for table `ff_list_type`
--
ALTER TABLE `ff_list_type`
  MODIFY `id` int(11) NOT NULL AUTO_INCREMENT, AUTO_INCREMENT=28;

--
-- AUTO_INCREMENT for table `interim_orders`
--
ALTER TABLE `interim_orders`
  MODIFY `id` int(11) NOT NULL AUTO_INCREMENT, AUTO_INCREMENT=89;

--
-- AUTO_INCREMENT for table `interim_orders_details`
--
ALTER TABLE `interim_orders_details`
  MODIFY `id` int(11) NOT NULL AUTO_INCREMENT, AUTO_INCREMENT=146;

--
-- AUTO_INCREMENT for table `judgement_details`
--
ALTER TABLE `judgement_details`
  MODIFY `id` int(11) NOT NULL AUTO_INCREMENT, AUTO_INCREMENT=116;

--
-- AUTO_INCREMENT for table `migrations`
--
ALTER TABLE `migrations`
  MODIFY `id` int(10) UNSIGNED NOT NULL AUTO_INCREMENT, AUTO_INCREMENT=14;

--
-- AUTO_INCREMENT for table `ministry_tbl`
--
ALTER TABLE `ministry_tbl`
  MODIFY `id` int(11) NOT NULL AUTO_INCREMENT, AUTO_INCREMENT=68;

--
-- AUTO_INCREMENT for table `notifications`
--
ALTER TABLE `notifications`
  MODIFY `id` int(11) NOT NULL AUTO_INCREMENT, AUTO_INCREMENT=9;

--
-- AUTO_INCREMENT for table `recipients`
--
ALTER TABLE `recipients`
  MODIFY `id` int(11) NOT NULL AUTO_INCREMENT, AUTO_INCREMENT=12;

--
-- AUTO_INCREMENT for table `rule_nisi_orders`
--
ALTER TABLE `rule_nisi_orders`
  MODIFY `id` int(11) NOT NULL AUTO_INCREMENT, AUTO_INCREMENT=93;

--
-- AUTO_INCREMENT for table `sf_details`
--
ALTER TABLE `sf_details`
  MODIFY `id` int(11) NOT NULL AUTO_INCREMENT, AUTO_INCREMENT=151;

--
-- AUTO_INCREMENT for table `subject_types`
--
ALTER TABLE `subject_types`
  MODIFY `id` int(11) NOT NULL AUTO_INCREMENT, AUTO_INCREMENT=7;

--
-- AUTO_INCREMENT for table `upazilas`
--
ALTER TABLE `upazilas`
  MODIFY `id` int(10) UNSIGNED NOT NULL AUTO_INCREMENT;

--
-- AUTO_INCREMENT for table `upazila_tbl`
--
ALTER TABLE `upazila_tbl`
  MODIFY `id` int(10) UNSIGNED NOT NULL AUTO_INCREMENT, AUTO_INCREMENT=493;

--
-- AUTO_INCREMENT for table `users`
--
ALTER TABLE `users`
  MODIFY `id` int(10) UNSIGNED NOT NULL AUTO_INCREMENT, AUTO_INCREMENT=14;

--
-- AUTO_INCREMENT for table `user_groups`
--
ALTER TABLE `user_groups`
  MODIFY `id` int(11) NOT NULL AUTO_INCREMENT, AUTO_INCREMENT=5;
COMMIT;

/*!40101 SET CHARACTER_SET_CLIENT=@OLD_CHARACTER_SET_CLIENT */;
/*!40101 SET CHARACTER_SET_RESULTS=@OLD_CHARACTER_SET_RESULTS */;
/*!40101 SET COLLATION_CONNECTION=@OLD_COLLATION_CONNECTION */;
